"Source:","C:\Users\matth\Documents\Github\MPPT-PrimaryPCB\MPPT.kicad_sch"
"Date:","2/10/2022 11:59:01 PM"
"Tool:","Eeschema (6.0.1)"
"Generator:","C:\Program Files\KiCad\6.0\bin\scripting\plugins/bom_csv_grouped_by_value.py"
"Component Count:","130"

"Individual Components:"

"Item","Qty","Reference(s)","Value","LibPart","Footprint","Datasheet","Alternative Part","Distributor","JLCPCB BOM","LCSC Part","MANUFACTURER","MAXIMUM_PACKAGE_HEIGHT","Manufacturer","Manufacturer Part Number","Mouser Part","PARTREV","Part Number","Projected Cost","Purchase Page","STANDARD"
"","","C1","10uF","Device:C_Small","Capacitor_SMD:C_0805_2012Metric","https://datasheet.lcsc.com/lcsc/1811121310_Samsung-Electro-Mechanics-CL21A106KAYNNNE_C15850.pdf","","JLCPCB","1","C15850","","","Samsung Electro-Mechanics","CL21A106KAYNNNE","N/A","","","0.0141","N/A",""
"","","C2","10uF","Device:C_Small","Capacitor_SMD:C_0805_2012Metric","https://datasheet.lcsc.com/lcsc/1811121310_Samsung-Electro-Mechanics-CL21A106KAYNNNE_C15850.pdf","","JLCPCB","1","C15850","","","Samsung Electro-Mechanics","CL21A106KAYNNNE","N/A","","","0.0141","N/A",""
"","","C3","100nF","Device:C_Small","Capacitor_SMD:C_0805_2012Metric","https://datasheet.lcsc.com/lcsc/1810191216_Samsung-Electro-Mechanics-CL21B104KCFNNNE_C28233.pdf","","JLCPCB","1","C28233","","","Samsung Elctro-Mechanics","CL21B104KCFNNNE","N/A","","","0.0083","N/A",""
"","","C4","100nF","Device:C_Small","Capacitor_SMD:C_0805_2012Metric","https://datasheet.lcsc.com/lcsc/1810191216_Samsung-Electro-Mechanics-CL21B104KCFNNNE_C28233.pdf","","JLCPCB","1","C28233","","","Samsung Elctro-Mechanics","CL21B104KCFNNNE","N/A","","","0.0083","N/A",""
"","","C5","1uF","Device:C_Small","Capacitor_SMD:C_0805_2012Metric","https://datasheet.lcsc.com/lcsc/1810191216_Samsung-Electro-Mechanics-CL21B105KBFNNNE_C28323.pdf","","JLCPCB","1","C28323","","","Samsung Electro-Mechanics","CL21B105KBFNNNE","N/A","","","0.0088","N/A",""
"","","C6","4.7uF","Device:C_Small","Capacitor_SMD:C_0805_2012Metric","https://datasheet.lcsc.com/lcsc/1810261822_Samsung-Electro-Mechanics-CL21A475KAQNNNE_C1779.pdf","","JLCPCB","1","C1779","","","Samsung Electro-Mechanics","CL21A475KAQNNNE","N/A","","","0.0109","N/A",""
"","","C7","4.7uF","Device:C_Small","Capacitor_SMD:C_0805_2012Metric","https://datasheet.lcsc.com/lcsc/1810261822_Samsung-Electro-Mechanics-CL21A475KAQNNNE_C1779.pdf","","JLCPCB","1","C1779","","","Samsung Electro-Mechanics","CL21A475KAQNNNE","N/A","","","0.0109","N/A",""
"","","C8","2.2uF","Device:C_Small","Capacitor_SMD:C_0805_2012Metric","https://datasheet.lcsc.com/lcsc/1811101411_FH-Guangdong-Fenghua-Advanced-Tech-0805F225M500NT_C49217.pdf","","JLCPCB","1","C49217","","","Guangdong Fenghua Advanced Tech","0805F225M500NT","N/A","","","0.0172","N/A",""
"","","C9","CP?","Device:C","Capacitor_THT:C_Rect_L16.5mm_W7.0mm_P15.00mm_MKT","https://www.mouser.com/datasheet/2/427/VISH_S_A0001434907_1-2567395.pdf","See 1nF, 2.2nF, 4.7nF, 10nF, 22nF, 47nF versions.","Mouser","0","N/A","","","Vishay","MKT1813247635 ","75-MKT1813247635 ","","","1.53","https://www.mouser.com/ProductDetail/Vishay-Roederstein/MKT1813247635?qs=2ImG92Kq1uwUH7xpEU6QAA%3D%3D",""
"","","C10","100nF","Device:C_Small","Capacitor_SMD:C_0805_2012Metric","https://datasheet.lcsc.com/lcsc/1810191216_Samsung-Electro-Mechanics-CL21B104KCFNNNE_C28233.pdf","","JLCPCB","1","C28233","","","Samsung Elctro-Mechanics","CL21B104KCFNNNE","N/A","","","0.0083","N/A",""
"","","C11","100nF","Device:C_Small","Capacitor_SMD:C_0805_2012Metric","https://datasheet.lcsc.com/lcsc/1810191216_Samsung-Electro-Mechanics-CL21B104KCFNNNE_C28233.pdf","","JLCPCB","1","C28233","","","Samsung Elctro-Mechanics","CL21B104KCFNNNE","N/A","","","0.0083","N/A",""
"","","C12","100nF","Device:C_Small","Capacitor_SMD:C_0805_2012Metric","https://datasheet.lcsc.com/lcsc/1810191216_Samsung-Electro-Mechanics-CL21B104KCFNNNE_C28233.pdf","","JLCPCB","1","C28233","","","Samsung Elctro-Mechanics","CL21B104KCFNNNE","N/A","","","0.0083","N/A",""
"","","C13","100nF","Device:C_Small","Capacitor_SMD:C_0805_2012Metric","https://datasheet.lcsc.com/lcsc/1810191216_Samsung-Electro-Mechanics-CL21B104KCFNNNE_C28233.pdf","","JLCPCB","1","C28233","","","Samsung Elctro-Mechanics","CL21B104KCFNNNE","N/A","","","0.0083","N/A",""
"","","C14","10uF","Device:C_Small","Capacitor_SMD:C_0805_2012Metric","https://datasheet.lcsc.com/lcsc/1811121310_Samsung-Electro-Mechanics-CL21A106KAYNNNE_C15850.pdf","","JLCPCB","1","C15850","","","Samsung Electro-Mechanics","CL21A106KAYNNNE","N/A","","","0.0141","N/A",""
"","","C15","100nF","Device:C_Small","Capacitor_SMD:C_0805_2012Metric","https://datasheet.lcsc.com/lcsc/1810191216_Samsung-Electro-Mechanics-CL21B104KCFNNNE_C28233.pdf","","JLCPCB","1","C28233","","","Samsung Elctro-Mechanics","CL21B104KCFNNNE","N/A","","","0.0083","N/A",""
"","","C16","100nF","Device:C_Small","Capacitor_SMD:C_0805_2012Metric","https://datasheet.lcsc.com/lcsc/1810191216_Samsung-Electro-Mechanics-CL21B104KCFNNNE_C28233.pdf","","JLCPCB","1","C28233","","","Samsung Elctro-Mechanics","CL21B104KCFNNNE","N/A","","","0.0083","N/A",""
"","","C17","10nF","Device:C_Small","Capacitor_SMD:C_0805_2012Metric","https://datasheet.lcsc.com/lcsc/1811151136_Samsung-Electro-Mechanics-CL21B103KBANNNC_C1710.pdf","","JLCPCB","1","C1710","","","Samsung Electro-Mechanics","CL21B103KBANNNC","N/A","","","0.0057","N/A",""
"","","C18","220nF","Device:C_Small","Capacitor_SMD:C_0805_2012Metric","https://datasheet.lcsc.com/lcsc/1810191222_Samsung-Electro-Mechanics-CL21B224KBFNNNE_C5378.pdf","","JLCPCB","1","C5378","","","Samsung Electro-Mechanics","CL21B224KBFNNNE","N/A","","","0.0118","N/A",""
"","","C19","10uF","Device:C_Small","Capacitor_SMD:C_0805_2012Metric","https://datasheet.lcsc.com/lcsc/1811121310_Samsung-Electro-Mechanics-CL21A106KAYNNNE_C15850.pdf","","JLCPCB","1","C15850","","","Samsung Electro-Mechanics","CL21A106KAYNNNE","N/A","","","0.0141","N/A",""
"","","C20","100nF","Device:C_Small","Capacitor_SMD:C_0805_2012Metric","https://datasheet.lcsc.com/lcsc/1810191216_Samsung-Electro-Mechanics-CL21B104KCFNNNE_C28233.pdf","","JLCPCB","1","C28233","","","Samsung Elctro-Mechanics","CL21B104KCFNNNE","N/A","","","0.0083","N/A",""
"","","C21","10nF","Device:C_Small","Capacitor_SMD:C_0805_2012Metric","https://datasheet.lcsc.com/lcsc/1811151136_Samsung-Electro-Mechanics-CL21B103KBANNNC_C1710.pdf","","JLCPCB","1","C1710","","","Samsung Electro-Mechanics","CL21B103KBANNNC","N/A","","","0.0057","N/A",""
"","","CP1","1000uF","Device:C_Polarized","Capacitor_THT:CP_Radial_D30.0mm_P10.00mm_SnapIn","https://www.mouser.com/datasheet/2/88/CDUB_S_A0012506074_1-2540184.pdf","","Mouser","0","N/A","","","Cornell Dubilier","SLPX102M250E5P3","598-SLPX102M250E5P3","","","7.13","https://www.mouser.com/ProductDetail/Cornell-Dubilier-CDE/SLPX102M250E5P3?qs=5mhQgkvyHZCVm4s8jkm1mg%3D%3D",""
"","","CP2","1000uF","Device:C_Polarized","Capacitor_THT:CP_Radial_D30.0mm_P10.00mm_SnapIn","https://www.mouser.com/datasheet/2/88/CDUB_S_A0012506074_1-2540184.pdf","","Mouser","0","N/A","","","Cornell Dubilier","SLPX102M250E5P3","598-SLPX102M250E5P3","","","7.13","https://www.mouser.com/ProductDetail/Cornell-Dubilier-CDE/SLPX102M250E5P3?qs=5mhQgkvyHZCVm4s8jkm1mg%3D%3D",""
"","","D1","13.2V","Device:D_Zener_Small","Diode_SMD:D_SOD-323F","https://www.mouser.com/datasheet/2/916/PZUXB_SER-1600481.pdf","","Mouser","0","N/A","","","Nexperia","PZU13B2,115","771-PZU13B2115","","","0.38","https://www.mouser.com/ProductDetail/Nexperia/PZU13B2115?qs=LOCUfHb8d9vipK9LoWwDsg%3D%3D",""
"","","D2","3.3V Zener","Device:D_Zener_Small","Diode_SMD:D_MiniMELF","https://datasheet.lcsc.com/lcsc/1811142211_ST-Semtech-ZMM3V3-M_C8056.pdf","","JLCPCB","1","C8056","","","ST(Semtech)","ZMM3V3-M","N/A","","","0.0205","N/A",""
"","","D3","16.3V Zener","Device:D_Zener_Small","Diode_SMD:D_SOD-123F","https://www.mouser.com/datasheet/2/916/BZT52H_SER-1599314.pdf","","Mouser","0","N/A","","","Nexperia","BZT52H-B16,115","771-BZT52HB16115","","","0.23","https://www.mouser.com/ProductDetail/Nexperia/BZT52H-B16115?qs=A1cBxND5mHKeo8OX6xUkJA%3D%3D",""
"","","D4","Schottky","Device:D_Schottky","Package_TO_SOT_THT:TO-220-2_Vertical","https://www.mouser.com/ProductDetail/ROHM-Semiconductor/SCS308AHGC9?qs=W0yvOO0ixfGcboHaYCByAA%3D%3D","","Mouser","0","N/A","","","ROHM Semiconductor","SCS308AHGC9","755-SCS308AHGC9","","","4.11","https://www.mouser.com/ProductDetail/ROHM-Semiconductor/SCS308AHGC9?qs=W0yvOO0ixfGcboHaYCByAA%3D%3D",""
"","","D5","Schottky","Device:D_Schottky","Package_TO_SOT_THT:TO-220-2_Vertical","https://www.mouser.com/ProductDetail/ROHM-Semiconductor/SCS308AHGC9?qs=W0yvOO0ixfGcboHaYCByAA%3D%3D","","Mouser","0","N/A","","","ROHM Semiconductor","SCS308AHGC9","755-SCS308AHGC9","","","4.11","https://www.mouser.com/ProductDetail/ROHM-Semiconductor/SCS308AHGC9?qs=W0yvOO0ixfGcboHaYCByAA%3D%3D",""
"","","D6","Schottky","Device:D_Schottky","Package_TO_SOT_THT:TO-220-2_Vertical","https://www.mouser.com/ProductDetail/ROHM-Semiconductor/SCS308AHGC9?qs=W0yvOO0ixfGcboHaYCByAA%3D%3D","","Mouser","0","N/A","","","ROHM Semiconductor","SCS308AHGC9","755-SCS308AHGC9","","","4.11","https://www.mouser.com/ProductDetail/ROHM-Semiconductor/SCS308AHGC9?qs=W0yvOO0ixfGcboHaYCByAA%3D%3D",""
"","","D7","3.3V Zener","Device:D_Zener_Small","Diode_SMD:D_MiniMELF","https://datasheet.lcsc.com/lcsc/1811142211_ST-Semtech-ZMM3V3-M_C8056.pdf","","JLCPCB","1","C8056","","","ST(Semtech)","ZMM3V3-M","N/A","","","0.0205","N/A",""
"","","D8","3.3V Zener","Device:D_Zener_Small","Diode_SMD:D_MiniMELF","https://datasheet.lcsc.com/lcsc/1811142211_ST-Semtech-ZMM3V3-M_C8056.pdf","","JLCPCB","1","C8056","","","ST(Semtech)","ZMM3V3-M","N/A","","","0.0205","N/A",""
"","","D9","3.3V Zener","Device:D_Zener_Small","Diode_SMD:D_MiniMELF","https://datasheet.lcsc.com/lcsc/1811142211_ST-Semtech-ZMM3V3-M_C8056.pdf","","JLCPCB","1","C8056","","","ST(Semtech)","ZMM3V3-M","N/A","","","0.0205","N/A",""
"","","D10","3.3V Zener","Device:D_Zener_Small","Diode_SMD:D_MiniMELF","https://datasheet.lcsc.com/lcsc/1811142211_ST-Semtech-ZMM3V3-M_C8056.pdf","","JLCPCB","1","C8056","","","ST(Semtech)","ZMM3V3-M","N/A","","","0.0205","N/A",""
"","","F1","Fuse","Device:Fuse","MPPT:05200101Z_Fuze_Holder_5x20_PCB_Mount","https://www.mouser.com/datasheet/2/240/Littelfuse_Fuse_Block_520_Datasheet_pdf-1372316.pdf","","Mouser","0","N/A","","","Littelfuse","05200101Z","576-05200101Z","","","1.60","https://www.mouser.com/ProductDetail/Littelfuse/05200101Z?qs=gu7KAQ731URy7T5v0X5a9A%3D%3D",""
"","","F2","Fuse","Device:Fuse","MPPT:05200101Z_Fuze_Holder_5x20_PCB_Mount","https://www.mouser.com/datasheet/2/240/Littelfuse_Fuse_Block_520_Datasheet_pdf-1372316.pdf","","Mouser","0","N/A","","","Littelfuse","05200101Z","576-05200101Z","","","1.60","https://www.mouser.com/ProductDetail/Littelfuse/05200101Z?qs=gu7KAQ731URy7T5v0X5a9A%3D%3D",""
"","","H1","Top Left Mounting Hole","Mechanical:MountingHole","MountingHole:MountingHole_3.2mm_M3","~","","","","","","","","","","","","","",""
"","","H2","Top Right Mounting Hole","Mechanical:MountingHole","MountingHole:MountingHole_3.2mm_M3","~","","","","","","","","","","","","","",""
"","","H3","Bottom Left Mounting Hole","Mechanical:MountingHole","MountingHole:MountingHole_3.2mm_M3","~","","","","","","","","","","","","","",""
"","","H4","Bottom Right Mounting Hole","Mechanical:MountingHole","MountingHole:MountingHole_3.2mm_M3","~","","","","","","","","","","","","","",""
"","","HS1","MOSFET Heatsink","Mechanical:Heatsink","Heatsink:Heatsink_Fischer_SK129-STS_42x25mm_2xDrill2.5mm","https://www.ohmite.com/assets/docs/sink_f_r.pdf","","Mouser","0","N/A","","","Ohmite","FA-T220-38E","588-FA-T220-38E","","","2.09","https://www.mouser.com/ProductDetail/Ohmite/FA-T220-38E?qs=wmFqszA%252Be7PklmA5Rej7jg%3D%3D",""
"","","HS2","Snubber Heatsink","Mechanical:Heatsink","Heatsink:Heatsink_Fischer_SK129-STS_42x25mm_2xDrill2.5mm","https://www.ohmite.com/assets/docs/sink_f_r.pdf","","Mouser","0","N/A","","","Ohmite","FA-T220-38E","588-FA-T220-38E","","","2.09","https://www.mouser.com/ProductDetail/Ohmite/FA-T220-38E?qs=wmFqszA%252Be7PklmA5Rej7jg%3D%3D",""
"","","HS3","Schottky Diode Heatsink","Mechanical:Heatsink","Heatsink:Heatsink_Fischer_SK129-STS_42x25mm_2xDrill2.5mm","https://www.ohmite.com/assets/docs/sink_f_r.pdf","","Mouser","0","N/A","","","Ohmite","FA-T220-38E","588-FA-T220-38E","","","2.09","https://www.mouser.com/ProductDetail/Ohmite/FA-T220-38E?qs=wmFqszA%252Be7PklmA5Rej7jg%3D%3D",""
"","","J1","Car Power","MPPT:PWR_Connector_43650-0215","Connector_Molex:Molex_Micro-Fit_3.0_43650-0215_1x02_P3.00mm_Vertical","https://www.mouser.com/datasheet/2/276/0436500215_PCB_HEADERS-148687.pdf","","Mouser","0","N/A","","","Molex","43650-0215","538-43650-0215","","","1.46","https://www.mouser.com/ProductDetail/538-43650-0215",""
"","","J2","9V Supply","Connector_Generic:Conn_01x02","Connector_Molex:Molex_Micro-Fit_3.0_43650-0215_1x02_P3.00mm_Vertical","https://www.mouser.com/datasheet/2/276/0436500215_PCB_HEADERS-148687.pdf","","Mouser","0","N/A","","","Molex","43650-0215","538-43650-0215","","","1.46","https://www.mouser.com/ProductDetail/538-43650-0215",""
"","","J3","Solar Array","MPPT:PWR_Connector_1720796","MPPT:PhoenixContact_PowerCombicon5_GF_2x7.62mm","https://www.mouser.com/datasheet/2/324/4/1720796-1436970.pdf","","Mouser","0","N/A","","","Phoenix Contact","1720796","651-1720796","","","3.49","https://www.mouser.com/ProductDetail/Phoenix-Contact/1720796?qs=247rt3TV2s67LEA3FU6sPw%3D%3D",""
"","","J4","Battery","MPPT:PWR_Connector_1720796","MPPT:PhoenixContact_PowerCombicon5_GF_2x7.62mm","https://www.mouser.com/datasheet/2/324/4/1720796-1436970.pdf","","Mouser","0","N/A","","","Phoenix Contact","1720796","651-1720796","","","3.49","https://www.mouser.com/ProductDetail/Phoenix-Contact/1720796?qs=247rt3TV2s67LEA3FU6sPw%3D%3D",""
"","","J5","CAN_In","MPPT:CAN_Connector_43650-0427","Connector_Molex:Molex_Micro-Fit_3.0_43650-0415_1x04_P3.00mm_Vertical","https://www.mouser.com/datasheet/2/276/0436500415_PCB_HEADERS-148705.pdf","","Mouser","0","N/A","","","Molex","43650-0427","538-43650-0427","","","1.70","https://www.mouser.com/ProductDetail/Molex/43650-0427?qs=yYVs2tXBqMNbk6Zhnc0cBQ%3D%3D",""
"","","J6","CAN_Out","MPPT:CAN_Connector_43650-0427","Connector_Molex:Molex_Micro-Fit_3.0_43650-0415_1x04_P3.00mm_Vertical","https://www.mouser.com/datasheet/2/276/0436500415_PCB_HEADERS-148705.pdf","","Mouser","0","N/A","","","Molex","43650-0427","538-43650-0427","","","1.70","https://www.mouser.com/ProductDetail/Molex/43650-0427?qs=yYVs2tXBqMNbk6Zhnc0cBQ%3D%3D",""
"","","JP1","Jumper","Jumper:Jumper_2_Bridged","Connector_PinHeader_2.54mm:PinHeader_1x02_P2.54mm_Vertical","~","","","","","","","","","","","","","",""
"","","L1","6.8uH","Device:L_Small","Inductor_SMD:L_Taiyo-Yuden_NR-50xx","https://www.mouser.com/datasheet/2/396/wound04_e-1290968.pdf","","Mouser","0","N/A","","","Taiyo Yuden","NRS5040T6R8MMGJ","963-NRS5040T6R8MMGJ","","","0.36","https://www.mouser.com/ProductDetail/Taiyo-Yuden/NRS5040T6R8MMGJ?qs=y6ZabgHbY%252Bzi5243tSRdMg%3D%3D",""
"","","L2","560uH","Device:L_Ferrite","MPPT:L_Toroid_Vertical_L46.0mm_W19.1mm_P21.80mm_Bourns_5700","https://www.coilws.com/images/HF3302-601M-8.0A%20Rev.A.pdf","","CoilWS","0","N/A","","","Coil Winding Specialist, Inc","HF400-601M-8.0AV","N/A","","","11.50","https://www.coilws.com/index.php?main_page=index&cPath=208_212_228_237",""
"","","L3","1.8kOhm","Device:FerriteBead_Small","Inductor_SMD:L_0805_2012Metric","https://www.mouser.com/datasheet/2/281/1/mure_s_a0010614356_1-2279078.pdf","","Mouser","0","N/A","","","Murata Electronics","BLM21BD182SN1D","81-BLM21BD182SN1D","","","0.23","https://www.mouser.com/ProductDetail/Murata-Electronics/BLM21BD182SN1D?qs=sGAEpiMZZMvCgIIVhD0Cyg9cJWfqr1nr",""
"","","L4","1.8kOhm","Device:FerriteBead_Small","Inductor_SMD:L_0805_2012Metric","https://www.mouser.com/datasheet/2/281/1/mure_s_a0010614356_1-2279078.pdf","","Mouser","0","N/A","","","Murata Electronics","BLM21BD182SN1D","81-BLM21BD182SN1D","","","0.23","https://www.mouser.com/ProductDetail/Murata-Electronics/BLM21BD182SN1D?qs=sGAEpiMZZMvCgIIVhD0Cyg9cJWfqr1nr",""
"","","LED1","5V (Green)","Device:LED_Small","LED_SMD:LED_0805_2012Metric","https://www.mouser.com/datasheet/2/216/APTD2012LCGCK-1102037.pdf","","Mouser","0","N/A","","","Kingbright","APTD2012LCGCK","604-APTD2012LCGCK","","","0.42","https://www.mouser.com/ProductDetail/Kingbright/APTD2012LCGCK?qs=AQlKX63v8RvNHN%2F9EGvNTg%3D%3D",""
"","","LED2","9V (Green)","Device:LED","LED_SMD:LED_0805_2012Metric","https://www.mouser.com/datasheet/2/216/APTD2012LCGCK-1102037.pdf","","Mouser","0","N/A","","","Kingbright","APTD2012LCGCK","604-APTD2012LCGCK","","","0.42","https://www.mouser.com/ProductDetail/Kingbright/APTD2012LCGCK?qs=AQlKX63v8RvNHN%2F9EGvNTg%3D%3D",""
"","","LED3","9V (Green)","Device:LED","LED_SMD:LED_0805_2012Metric","https://www.mouser.com/datasheet/2/216/APTD2012LCGCK-1102037.pdf","","Mouser","0","N/A","","","Kingbright","APTD2012LCGCK","604-APTD2012LCGCK","","","0.42","https://www.mouser.com/ProductDetail/Kingbright/APTD2012LCGCK?qs=AQlKX63v8RvNHN%2F9EGvNTg%3D%3D",""
"","","LED4","9V (Green)","Device:LED","LED_SMD:LED_0805_2012Metric","https://www.mouser.com/datasheet/2/216/APTD2012LCGCK-1102037.pdf","","Mouser","0","N/A","","","Kingbright","APTD2012LCGCK","604-APTD2012LCGCK","","","0.42","https://www.mouser.com/ProductDetail/Kingbright/APTD2012LCGCK?qs=AQlKX63v8RvNHN%2F9EGvNTg%3D%3D",""
"","","LED5","Heartbeat (Blue)","Device:LED","LED_SMD:LED_0805_2012Metric","https://www.mouser.com/datasheet/2/216/APTD2012LQBC_D-1102003.pdf","","Mouser","0","N/A","","","Kingbright","APTD2012LQBC/D","604-APTD2012LQBCD","","","0.57","https://www.mouser.com/ProductDetail/Kingbright/APTD2012LQBC-D?qs=AQlKX63v8RvDGqprk6aUCg%3D%3D",""
"","","LED6","Tracking (Blue)","Device:LED","LED_SMD:LED_0805_2012Metric","https://www.mouser.com/datasheet/2/216/APTD2012LQBC_D-1102003.pdf","","Mouser","0","N/A","","","Kingbright","APTD2012LQBC/D","604-APTD2012LQBCD","","","0.57","https://www.mouser.com/ProductDetail/Kingbright/APTD2012LQBC-D?qs=AQlKX63v8RvDGqprk6aUCg%3D%3D",""
"","","LED7","PWM (Blue)","Device:LED","LED_SMD:LED_0805_2012Metric","https://www.mouser.com/datasheet/2/216/APTD2012LQBC_D-1102003.pdf","","Mouser","0","N/A","","","Kingbright","APTD2012LQBC/D","604-APTD2012LQBCD","","","0.57","https://www.mouser.com/ProductDetail/Kingbright/APTD2012LQBC-D?qs=AQlKX63v8RvDGqprk6aUCg%3D%3D",""
"","","LED8","CAN_Rx (Blue)","Device:LED","LED_SMD:LED_0805_2012Metric","https://www.mouser.com/datasheet/2/216/APTD2012LQBC_D-1102003.pdf","","Mouser","0","N/A","","","Kingbright","APTD2012LQBC/D","604-APTD2012LQBCD","","","0.57","https://www.mouser.com/ProductDetail/Kingbright/APTD2012LQBC-D?qs=AQlKX63v8RvDGqprk6aUCg%3D%3D",""
"","","LED9","CAN_Tx (Blue)","Device:LED","LED_SMD:LED_0805_2012Metric","https://www.mouser.com/datasheet/2/216/APTD2012LQBC_D-1102003.pdf","","Mouser","0","N/A","","","Kingbright","APTD2012LQBC/D","604-APTD2012LQBCD","","","0.57","https://www.mouser.com/ProductDetail/Kingbright/APTD2012LQBC-D?qs=AQlKX63v8RvDGqprk6aUCg%3D%3D",""
"","","LED10","Error (Amber)","Device:LED","LED_SMD:LED_0805_2012Metric","https://www.mouser.com/datasheet/2/216/APTD2012LSURCK-1101937.pdf","","Mouser","0","N/A","","","Kingbright","APTD2012LSURCK","604-APTD2012LSURCK","","","0.46","https://www.mouser.com/ProductDetail/Kingbright/APTD2012LSURCK?qs=AQlKX63v8RvkMadNvwbkxw%3D%3D",""
"","","Q1","NMOS","Device:Q_NMOS_GDS","Package_TO_SOT_THT:TO-247-3_Vertical","https://www.mouser.com/datasheet/2/240/Littelfuse_Discrete_MOSFETs_N-Channel_Ultra_Juncti-1856540.pdf","https://www.mouser.com/ProductDetail/IXYS/IXTH62N65X2?qs=uwxL4vQweFOU8MuQLTmSuw%3D%3D","Mouser","0","N/A","","","IXYS","IXFH80N65X2","747-IXFH80N65X2","","","12.97","https://www.mouser.com/ProductDetail/IXYS/IXFH80N65X2?qs=gQEZvVdd8GvOwctnV2J88A%3D%3D",""
"","","Q2","NMOS","Device:Q_NMOS_GDS","Package_TO_SOT_THT:TO-247-3_Vertical","https://www.mouser.com/datasheet/2/240/Littelfuse_Discrete_MOSFETs_N-Channel_Ultra_Juncti-1856540.pdf","https://www.mouser.com/ProductDetail/IXYS/IXTH62N65X2?qs=uwxL4vQweFOU8MuQLTmSuw%3D%3D","Mouser","0","N/A","","","IXYS","IXFH80N65X2","747-IXFH80N65X2","","","12.97","https://www.mouser.com/ProductDetail/IXYS/IXFH80N65X2?qs=gQEZvVdd8GvOwctnV2J88A%3D%3D",""
"","","R1","330","Device:R_Small","Resistor_SMD:R_0805_2012Metric","https://datasheet.lcsc.com/lcsc/2110251830_UNI-ROYAL-Uniroyal-Elec-0805W8F3300T5E_C17630.pdf","","JLCPCB","1","C17630","","","Uniroyal Elec","0805W8F3300T5E","N/A","","","0.0024","N/A",""
"","","R2","1.5","Device:R","Resistor_SMD:R_0805_2012Metric","https://www.mouser.com/datasheet/2/427/crcwhpe3-1713858.pdf","","Mouser","0","N/A","","","Vishay","CRCW08051R50FKEAHP","71-CRCW08051R50FKEAH","","","0.38","https://www.mouser.com/ProductDetail/Vishay-Dale/CRCW08051R50FKEAHP?qs=40TFAHZMFvfJviTUOHoEXQ%3D%3D",""
"","","R3","330","Device:R","Resistor_SMD:R_0805_2012Metric","https://datasheet.lcsc.com/lcsc/2110251830_UNI-ROYAL-Uniroyal-Elec-0805W8F3300T5E_C17630.pdf","","JLCPCB","1","C17630","","","Uniroyal Elec","0805W8F3300T5E","N/A","","","0.0024","N/A",""
"","","R4","10k","Device:R","Resistor_SMD:R_0805_2012Metric","https://datasheet.lcsc.com/lcsc/2110251730_UNI-ROYAL-Uniroyal-Elec-0805W8F1002T5E_C17414.pdf","","JLCPCB","1","C17414","","","Uniroyal Elec","0805W8F1002T5E","N/A","","","0.0023","N/A",""
"","","R5","R","Device:R","Package_TO_SOT_THT:TO-220-2_Vertical","https://www.mouser.com/datasheet/2/54/pwr220t_35-778357.pdf","See 2, 10, 20, 33, 75, 150 ohm versions.","Mouser","0","N/A","","","Bourns","PWR220T-35-33R0J","652-PWR220T-35-33R0J","","","3.43","https://www.mouser.com/ProductDetail/Bourns/PWR220T-35-33R0J?qs=%252B9%2Fcbd0IE0QV43aHLVipNg%3D%3D",""
"","","R6","2m","Device:R","Resistor_SMD:R_1206_3216Metric","https://www.mouser.com/datasheet/2/348/ROHM_S_A0011096104_1-2563399.pdf","https://www.mouser.com/ProductDetail/Bourns/CRF1206-FZ-R002ELF?qs=NoqMqJKvPFJVdeqRsRJxRg%3D%3D","Mouser","0","N/A","","","ROHM Semiconductor","PMR18EZPFV2L00","755-PMR18EZPFV2L00","","","0.69","https://www.mouser.com/ProductDetail/ROHM-Semiconductor/PMR18EZPFV2L00?qs=oBjDkOCjPF3F%252BxFCsdw8aQ%3D%3D",""
"","","R7","2m","Device:R","Resistor_SMD:R_1206_3216Metric","https://www.mouser.com/datasheet/2/348/ROHM_S_A0011096104_1-2563399.pdf","https://www.mouser.com/ProductDetail/Bourns/CRF1206-FZ-R002ELF?qs=NoqMqJKvPFJVdeqRsRJxRg%3D%3D","Mouser","0","N/A","","","ROHM Semiconductor","PMR18EZPFV2L00","755-PMR18EZPFV2L00","","","0.69","https://www.mouser.com/ProductDetail/ROHM-Semiconductor/PMR18EZPFV2L00?qs=oBjDkOCjPF3F%252BxFCsdw8aQ%3D%3D",""
"","","R8","100k","Device:R","Resistor_SMD:R_0805_2012Metric","https://datasheet.lcsc.com/lcsc/2110260430_UNI-ROYAL-Uniroyal-Elec-0805W8F1003T5E_C149504.pdf","","JLCPCB","1","C149504","","","Uniroyal Elec","0805W8F1003T5E","N/A","","","0.0025","N/A",""
"","","R9","3k","Device:R","Resistor_SMD:R_0805_2012Metric","https://datasheet.lcsc.com/lcsc/2110251830_UNI-ROYAL-Uniroyal-Elec-0805W8F3001T5E_C17661.pdf","","JLCPCB","1","C17661","","","Uniroyal Elec","0805W8F3001T5E","N/A","","","0.0025","N/A",""
"","","R10","100k","Device:R","Resistor_SMD:R_0805_2012Metric","https://datasheet.lcsc.com/lcsc/2110260430_UNI-ROYAL-Uniroyal-Elec-0805W8F1003T5E_C149504.pdf","","JLCPCB","1","C149504","","","Uniroyal Elec","0805W8F1003T5E","N/A","","","0.0025","N/A",""
"","","R11","2k","Device:R","Resistor_SMD:R_0805_2012Metric","https://datasheet.lcsc.com/lcsc/2110251830_UNI-ROYAL-Uniroyal-Elec-0805W8F2001T5E_C17604.pdf","","JLCPCB","1","C17604","","","Uniroyal Elec","0805W8F2001T5E","N/A","","","0.0025","N/A",""
"","","R12","0","Device:R","Resistor_SMD:R_0805_2012Metric","https://datasheet.lcsc.com/lcsc/2110251730_UNI-ROYAL-Uniroyal-Elec-0805W8F0000T5E_C17477.pdf","","JLCPCB","1","C17477","","","Uniroyal Elec","0805W8F0000T5E","N/A","","","0.0023","N/A",""
"","","R13","60.4","Device:R_Small","Resistor_SMD:R_0805_2012Metric","https://www.mouser.com/datasheet/2/427/crcwhpe3-1713858.pdf","","Mouser","0","N/A","","","Vishay/Dale","CRCW080560R4FKEAHP","71-CRCW080560R4FKEAH","","","0.25","https://www.mouser.com/ProductDetail/Vishay-Dale/CRCW080560R4FKEAHP?qs=40TFAHZMFvcOLVKmRrsypQ%3D%3D",""
"","","R14","60.4","Device:R_Small","Resistor_SMD:R_0805_2012Metric","https://www.mouser.com/datasheet/2/427/crcwhpe3-1713858.pdf","","Mouser","0","N/A","","","Vishay/Dale","CRCW080560R4FKEAHP","71-CRCW080560R4FKEAH","","","0.25","https://www.mouser.com/ProductDetail/Vishay-Dale/CRCW080560R4FKEAHP?qs=40TFAHZMFvcOLVKmRrsypQ%3D%3D",""
"","","R15","15k","Device:R","Resistor_SMD:R_0805_2012Metric","https://datasheet.lcsc.com/lcsc/2110251730_UNI-ROYAL-Uniroyal-Elec-0805W8F1502T5E_C17475.pdf","","JLCPCB","1","C17475","","","Uniroyal Elec","0805W8F1502T5E","N/A","","","0.0024","N/A",""
"","","R16","27k","Device:R","Resistor_SMD:R_0805_2012Metric","https://datasheet.lcsc.com/lcsc/2110251830_UNI-ROYAL-Uniroyal-Elec-0805W8F2702T5E_C17593.pdf","","JLCPCB","1","C17593","","","Uniroyal Elec","0805W8F2702T5E","N/A","","","0.0024","N/A",""
"","","R17","330","Device:R","Resistor_SMD:R_0805_2012Metric","https://datasheet.lcsc.com/lcsc/2110251830_UNI-ROYAL-Uniroyal-Elec-0805W8F3300T5E_C17630.pdf","","JLCPCB","1","C17630","","","Uniroyal Elec","0805W8F3300T5E","N/A","","","0.0024","N/A",""
"","","R18","330","Device:R","Resistor_SMD:R_0805_2012Metric","https://datasheet.lcsc.com/lcsc/2110251830_UNI-ROYAL-Uniroyal-Elec-0805W8F3300T5E_C17630.pdf","","JLCPCB","1","C17630","","","Uniroyal Elec","0805W8F3300T5E","N/A","","","0.0024","N/A",""
"","","R19","330","Device:R","Resistor_SMD:R_0805_2012Metric","https://datasheet.lcsc.com/lcsc/2110251830_UNI-ROYAL-Uniroyal-Elec-0805W8F3300T5E_C17630.pdf","","JLCPCB","1","C17630","","","Uniroyal Elec","0805W8F3300T5E","N/A","","","0.0024","N/A",""
"","","R20","330","Device:R","Resistor_SMD:R_0805_2012Metric","https://datasheet.lcsc.com/lcsc/2110251830_UNI-ROYAL-Uniroyal-Elec-0805W8F3300T5E_C17630.pdf","","JLCPCB","1","C17630","","","Uniroyal Elec","0805W8F3300T5E","N/A","","","0.0024","N/A",""
"","","R21","330","Device:R","Resistor_SMD:R_0805_2012Metric","https://datasheet.lcsc.com/lcsc/2110251830_UNI-ROYAL-Uniroyal-Elec-0805W8F3300T5E_C17630.pdf","","JLCPCB","1","C17630","","","Uniroyal Elec","0805W8F3300T5E","N/A","","","0.0024","N/A",""
"","","R22","330","Device:R","Resistor_SMD:R_0805_2012Metric","https://datasheet.lcsc.com/lcsc/2110251830_UNI-ROYAL-Uniroyal-Elec-0805W8F3300T5E_C17630.pdf","","JLCPCB","1","C17630","","","Uniroyal Elec","0805W8F3300T5E","N/A","","","0.0024","N/A",""
"","","SW1","SW_Push","Switch:SW_Push","Button_Switch_THT:SW_PUSH_6mm","https://www.mouser.com/datasheet/2/670/ts02-2586188.pdf","","Mouser","0","N/A","","","CUI Devices","TS02-66-50-BK-260-SCR-D","179-TS026650BK260SCR","","","0.10","https://www.mouser.com/ProductDetail/CUI-Devices/TS02-66-50-BK-260-SCR-D?qs=A6eO%252BMLsxmQtNldP04biKA%3D%3D",""
"","","SW2","SW_DIP_x02","Switch:SW_DIP_x02","MPPT:ADF02ST04_DIP_Switch_2_POS","https://www.mouser.com/datasheet/2/418/5/ENG_CD_1825059_A8-659985.pdf","","Mouser","0","N/A","","","TE Connectivity","ADF02ST04","506-ADF02ST04","","","1.13","https://www.mouser.com/ProductDetail/TE-Connectivity-Alcoswitch/ADF02ST04?qs=g%252BEszo6zu8MYpJDGyO7kjQ%3D%3D",""
"","","TP1","12V","Connector:TestPoint","TestPoint:TestPoint_Pad_1.0x1.0mm","~","","","","","","","","","","","","","",""
"","","TP2","Car GND","Connector:TestPoint","TestPoint:TestPoint_Pad_1.0x1.0mm","~","","","","","","","","","","","","","",""
"","","TP3","+9V","Connector:TestPoint","TestPoint:TestPoint_Pad_1.0x1.0mm","~","","","","","","","","","","","","","",""
"","","TP4","+3V3","Connector:TestPoint","TestPoint:TestPoint_Pad_1.0x1.0mm","~","","","","","","","","","","","","","",""
"","","TP5","+5V","Connector:TestPoint","TestPoint:TestPoint_Pad_1.0x1.0mm","~","","","","","","","","","","","","","",""
"","","TP6","Board GND","Connector:TestPoint","TestPoint:TestPoint_Pad_1.0x1.0mm","~","","","","","","","","","","","","","",""
"","","TP7","PWM","Connector:TestPoint","TestPoint:TestPoint_Pad_1.0x1.0mm","~","","","","","","","","","","","","","",""
"","","TP8","AGND","Connector:TestPoint","TestPoint:TestPoint_Pad_1.0x1.0mm","~","","","","","","","","","","","","","",""
"","","TP9","9VA","Connector:TestPoint","TestPoint:TestPoint_Pad_1.0x1.0mm","~","","","","","","","","","","","","","",""
"","","TP10","GATE","Connector:TestPoint","TestPoint:TestPoint_Pad_1.0x1.0mm","~","","","","","","","","","","","","","",""
"","","TP11","+SNUB","Connector:TestPoint","TestPoint:TestPoint_Pad_1.0x1.0mm","~","","","","","","","","","","","","","",""
"","","TP12","M_SNUB","Connector:TestPoint","TestPoint:TestPoint_Pad_1.0x1.0mm","~","","","","","","","","","","","","","",""
"","","TP13","-SNUB","Connector:TestPoint","TestPoint:TestPoint_Pad_1.0x1.0mm","~","","","","","","","","","","","","","",""
"","","TP14","GND","Connector:TestPoint","TestPoint:TestPoint_Pad_1.0x1.0mm","~","","","","","","","","","","","","","",""
"","","TP15","-ARR","Connector:TestPoint","TestPoint:TestPoint_Pad_1.0x1.0mm","~","","","","","","","","","","","","","",""
"","","TP16","Array Current","Connector:TestPoint","TestPoint:TestPoint_Pad_1.0x1.0mm","~","","","","","","","","","","","","","",""
"","","TP17","-BATT","Connector:TestPoint","TestPoint:TestPoint_Pad_1.0x1.0mm","~","","","","","","","","","","","","","",""
"","","TP18","GND","Connector:TestPoint","TestPoint:TestPoint_Pad_1.0x1.0mm","~","","","","","","","","","","","","","",""
"","","TP19","Battery Current","Connector:TestPoint","TestPoint:TestPoint_Pad_1.0x1.0mm","~","","","","","","","","","","","","","",""
"","","TP20","+ARR","Connector:TestPoint","TestPoint:TestPoint_Pad_1.0x1.0mm","~","","","","","","","","","","","","","",""
"","","TP21","Arr_V","Connector:TestPoint","TestPoint:TestPoint_Pad_1.0x1.0mm","~","","","","","","","","","","","","","",""
"","","TP22","+BATT","Connector:TestPoint","TestPoint:TestPoint_Pad_1.0x1.0mm","~","","","","","","","","","","","","","",""
"","","TP23","Batt_V","Connector:TestPoint","TestPoint:TestPoint_Pad_1.0x1.0mm","~","","","","","","","","","","","","","",""
"","","TP24","CAN_Tx","Connector:TestPoint","TestPoint:TestPoint_Pad_1.0x1.0mm","~","","","","","","","","","","","","","",""
"","","TP25","CAN_Rx","Connector:TestPoint","TestPoint:TestPoint_Pad_1.0x1.0mm","~","","","","","","","","","","","","","",""
"","","TP26","CAN_ISO_Vout","Connector:TestPoint","TestPoint:TestPoint_Pad_1.0x1.0mm","~","","","","","","","","","","","","","",""
"","","TP27","CAN_ISO_Vin","Connector:TestPoint","TestPoint:TestPoint_Pad_1.0x1.0mm","~","","","","","","","","","","","","","",""
"","","TP28","CAN_ISO_GndIn","Connector:TestPoint","TestPoint:TestPoint_Pad_1.0x1.0mm","~","","","","","","","","","","","","","",""
"","","TP29","CAN_ISO_GndOut","Connector:TestPoint","TestPoint:TestPoint_Pad_1.0x1.0mm","~","","","","","","","","","","","","","",""
"","","TP30","CAN_H","Connector:TestPoint","TestPoint:TestPoint_Pad_1.0x1.0mm","~","","","","","","","","","","","","","",""
"","","TP31","CAN_L","Connector:TestPoint","TestPoint:TestPoint_Pad_1.0x1.0mm","~","","","","","","","","","","","","","",""
"","","U1","RI3-1205S","MPPT:RI3-1205S","MPPT:CONV_RI3-1205S","https://www.mouser.com/datasheet/2/468/RI3-1711119.pdf","","Mouser","0","N/A","Recom","10.2mm","RECOM Power","RI3-1205S","919-RI3-1205S","3","","11.17","https://www.mouser.com/ProductDetail/RECOM-Power/RI3-1205S?qs=IbBl3rwNelPT1WcVQVA01Q%3D%3D","Manufacturer Recommendations"
"","","U2","MCU_Nucleo_L432KC","MPPT:MCU_Nucleo_L432KC","MPPT:MODULE_NUCLEO-L432KC","https://www.mouser.com/datasheet/2/389/nucleo-f031k6-1484037.pdf","","Mouser","0","N/A","","","STMicroelectronics","511-NUCLEO-L432KC","511-NUCLEO-L432KC","","","10.64","https://www.mouser.com/ProductDetail/STMicroelectronics/NUCLEO-L432KC?qs=qzCNEk%252BRr%252BajjPvxjwWK5g%3D%3D",""
"","","U3","UCC37321","MPPT:UCC37321","Package_SO:SOIC-8_3.9x4.9mm_P1.27mm","https://www.ti.com/lit/gpn/UCC37321","","Texas Instruments","0","N/A","","","Texas Instruments","UCC37321D","N/A","","","1.335","https://www.ti.com/store/ti/en/p/product/?p=UCC37321D",""
"","","U4","IES01_PDS1","MPPT:IES01_PDS1","MPPT:IES01_PDS1","https://www.mouser.com/datasheet/2/942/SF_IES01-1666999.pdf","https://www.mouser.com/ProductDetail/CUI-Inc/PDS1-S5-S9-M-TR?qs=WyjlAZoYn52QMcZg5rCl5g%3D%3D","Mouser","0","N/A","","","XP Power","IES0105S09","209-IES0105S09","","","3.60","https://www.mouser.com/ProductDetail/XP-Power/IES0105S09?qs=Cb2nCFKsA8olKT2yq0l%2FZg%3D%3D",""
"","","U5","INA210","Array:OP_AMP_INA21x","Package_TO_SOT_SMD:SOT-363_SC-70-6_Handsoldering","https://www.ti.com/lit/gpn/INA210","","Texas Instruments","0","N/A","","","Texas Instruments","","","","INA210AIDCKT","1.156","https://www.ti.com/store/ti/en/p/product/?p=INA210AIDCKT&HQS=OCB-tistore-null-storeinv-invf-store-octopart-wwe",""
"","","U6","INA210","Array:OP_AMP_INA21x","Package_TO_SOT_SMD:SOT-363_SC-70-6_Handsoldering","https://www.ti.com/lit/gpn/INA210","","Texas Instruments","0","N/A","","","Texas Instruments","","","","INA210AIDCKT","1.156","https://www.ti.com/store/ti/en/p/product/?p=INA210AIDCKT&HQS=OCB-tistore-null-storeinv-invf-store-octopart-wwe",""
"","","U7","MAX40075","Amplifier_Operational:MAX4238AUT","Package_TO_SOT_SMD:SOT-23-6","https://www.mouser.com/datasheet/2/256/MAX40075_MAX40088-1284430.pdf","","Mouser","0","N/A","","","Maxim Integrated","MAX40075AUT+","700-MAX40075AUT+","","","2.13","https://www.mouser.com/ProductDetail/Maxim-Integrated/MAX40075AUT%2b?qs=rrS6PyfT74cbt4ErCTtr0Q%3D%3D",""
"","","U8","MAX40075","Amplifier_Operational:MAX4238AUT","Package_TO_SOT_SMD:SOT-23-6","https://www.mouser.com/datasheet/2/256/MAX40075_MAX40088-1284430.pdf","","Mouser","0","N/A","","","Maxim Integrated","MAX40075AUT+","700-MAX40075AUT+","","","2.13","https://www.mouser.com/ProductDetail/Maxim-Integrated/MAX40075AUT%2b?qs=rrS6PyfT74cbt4ErCTtr0Q%3D%3D",""
"","","U9","ADM3055E","MPPT:CAN_Chip_ADM3055E","MPPT:ADM3055EBRIZ","https://www.mouser.com/datasheet/2/609/ADM3055E-3057E-1509677.pdf","","Mouser","0","N/A","","","Analog Devices","ADM3055EBRIZ","584-ADM3055EBRIZ","","","14.91","https://www.mouser.com/ProductDetail/Analog-Devices/ADM3055EBRIZ?qs=w%2Fv1CP2dgqo%2F70Yob%2FS6iA%3D%3D",""
"","","U10","CDSOT23-T24CAN","MPPT:CAN_Bus_Protector_CDSOT23-T24CAN","Package_TO_SOT_SMD:SOT-23","https://www.mouser.com/datasheet/2/54/cdsot23-t24can-q-1534349.pdf","","Mouser","0","N/A","","","Bourns","CDSOT23-T24CAN-Q","652-CDSOT23-T24CAN-Q","","","0.50","https://www.mouser.com/ProductDetail/Bourns/CDSOT23-T24CAN-Q?qs=xhbEVWpZdWdLN7nyBILlNA%3D%3D",""



"Collated Components:"

"Item","Qty","Reference(s)","Value","LibPart","Footprint","Datasheet","Alternative Part","Distributor","JLCPCB BOM","LCSC Part","MANUFACTURER","MAXIMUM_PACKAGE_HEIGHT","Manufacturer","Manufacturer Part Number","Mouser Part","PARTREV","Part Number","Projected Cost","Purchase Page","STANDARD"
"1","4","C1, C2, C14, C19","10uF","Device:C_Small","Capacitor_SMD:C_0805_2012Metric","https://datasheet.lcsc.com/lcsc/1811121310_Samsung-Electro-Mechanics-CL21A106KAYNNNE_C15850.pdf","","JLCPCB","1","C15850","","","Samsung Electro-Mechanics","CL21A106KAYNNNE","N/A","","","0.0141","N/A",""
"2","9","C3, C4, C10, C11, C12, C13, C15, C16, C20","100nF","Device:C_Small","Capacitor_SMD:C_0805_2012Metric","https://datasheet.lcsc.com/lcsc/1810191216_Samsung-Electro-Mechanics-CL21B104KCFNNNE_C28233.pdf","","JLCPCB","1","C28233","","","Samsung Elctro-Mechanics","CL21B104KCFNNNE","N/A","","","0.0083","N/A",""
"3","1","C5","1uF","Device:C_Small","Capacitor_SMD:C_0805_2012Metric","https://datasheet.lcsc.com/lcsc/1810191216_Samsung-Electro-Mechanics-CL21B105KBFNNNE_C28323.pdf","","JLCPCB","1","C28323","","","Samsung Electro-Mechanics","CL21B105KBFNNNE","N/A","","","0.0088","N/A",""
"4","2","C6, C7","4.7uF","Device:C_Small","Capacitor_SMD:C_0805_2012Metric","https://datasheet.lcsc.com/lcsc/1810261822_Samsung-Electro-Mechanics-CL21A475KAQNNNE_C1779.pdf","","JLCPCB","1","C1779","","","Samsung Electro-Mechanics","CL21A475KAQNNNE","N/A","","","0.0109","N/A",""
"5","1","C8","2.2uF","Device:C_Small","Capacitor_SMD:C_0805_2012Metric","https://datasheet.lcsc.com/lcsc/1811101411_FH-Guangdong-Fenghua-Advanced-Tech-0805F225M500NT_C49217.pdf","","JLCPCB","1","C49217","","","Guangdong Fenghua Advanced Tech","0805F225M500NT","N/A","","","0.0172","N/A",""
"6","1","C9","CP?","Device:C","Capacitor_THT:C_Rect_L16.5mm_W7.0mm_P15.00mm_MKT","https://www.mouser.com/datasheet/2/427/VISH_S_A0001434907_1-2567395.pdf","See 1nF, 2.2nF, 4.7nF, 10nF, 22nF, 47nF versions.","Mouser","0","N/A","","","Vishay","MKT1813247635 ","75-MKT1813247635 ","","","1.53","https://www.mouser.com/ProductDetail/Vishay-Roederstein/MKT1813247635?qs=2ImG92Kq1uwUH7xpEU6QAA%3D%3D",""
"7","2","C17, C21","10nF","Device:C_Small","Capacitor_SMD:C_0805_2012Metric","https://datasheet.lcsc.com/lcsc/1811151136_Samsung-Electro-Mechanics-CL21B103KBANNNC_C1710.pdf","","JLCPCB","1","C1710","","","Samsung Electro-Mechanics","CL21B103KBANNNC","N/A","","","0.0057","N/A",""
"8","1","C18","220nF","Device:C_Small","Capacitor_SMD:C_0805_2012Metric","https://datasheet.lcsc.com/lcsc/1810191222_Samsung-Electro-Mechanics-CL21B224KBFNNNE_C5378.pdf","","JLCPCB","1","C5378","","","Samsung Electro-Mechanics","CL21B224KBFNNNE","N/A","","","0.0118","N/A",""
"9","2","CP1, CP2","1000uF","Device:C_Polarized","Capacitor_THT:CP_Radial_D30.0mm_P10.00mm_SnapIn","https://www.mouser.com/datasheet/2/88/CDUB_S_A0012506074_1-2540184.pdf","","Mouser","0","N/A","","","Cornell Dubilier","SLPX102M250E5P3","598-SLPX102M250E5P3","","","7.13","https://www.mouser.com/ProductDetail/Cornell-Dubilier-CDE/SLPX102M250E5P3?qs=5mhQgkvyHZCVm4s8jkm1mg%3D%3D",""
"10","1","D1","13.2V","Device:D_Zener_Small","Diode_SMD:D_SOD-323F","https://www.mouser.com/datasheet/2/916/PZUXB_SER-1600481.pdf","","Mouser","0","N/A","","","Nexperia","PZU13B2,115","771-PZU13B2115","","","0.38","https://www.mouser.com/ProductDetail/Nexperia/PZU13B2115?qs=LOCUfHb8d9vipK9LoWwDsg%3D%3D",""
"11","5","D2, D7, D8, D9, D10","3.3V Zener","Device:D_Zener_Small","Diode_SMD:D_MiniMELF","https://datasheet.lcsc.com/lcsc/1811142211_ST-Semtech-ZMM3V3-M_C8056.pdf","","JLCPCB","1","C8056","","","ST(Semtech)","ZMM3V3-M","N/A","","","0.0205","N/A",""
"12","1","D3","16.3V Zener","Device:D_Zener_Small","Diode_SMD:D_SOD-123F","https://www.mouser.com/datasheet/2/916/BZT52H_SER-1599314.pdf","","Mouser","0","N/A","","","Nexperia","BZT52H-B16,115","771-BZT52HB16115","","","0.23","https://www.mouser.com/ProductDetail/Nexperia/BZT52H-B16115?qs=A1cBxND5mHKeo8OX6xUkJA%3D%3D",""
"13","3","D4, D5, D6","Schottky","Device:D_Schottky","Package_TO_SOT_THT:TO-220-2_Vertical","https://www.mouser.com/ProductDetail/ROHM-Semiconductor/SCS308AHGC9?qs=W0yvOO0ixfGcboHaYCByAA%3D%3D","","Mouser","0","N/A","","","ROHM Semiconductor","SCS308AHGC9","755-SCS308AHGC9","","","4.11","https://www.mouser.com/ProductDetail/ROHM-Semiconductor/SCS308AHGC9?qs=W0yvOO0ixfGcboHaYCByAA%3D%3D",""
"14","2","F1, F2","Fuse","Device:Fuse","MPPT:05200101Z_Fuze_Holder_5x20_PCB_Mount","https://www.mouser.com/datasheet/2/240/Littelfuse_Fuse_Block_520_Datasheet_pdf-1372316.pdf","","Mouser","0","N/A","","","Littelfuse","05200101Z","576-05200101Z","","","1.60","https://www.mouser.com/ProductDetail/Littelfuse/05200101Z?qs=gu7KAQ731URy7T5v0X5a9A%3D%3D",""
"15","1","H1","Top Left Mounting Hole","Mechanical:MountingHole","MountingHole:MountingHole_3.2mm_M3","~","","","","","","","","","","","","","",""
"16","1","H2","Top Right Mounting Hole","Mechanical:MountingHole","MountingHole:MountingHole_3.2mm_M3","~","","","","","","","","","","","","","",""
"17","1","H3","Bottom Left Mounting Hole","Mechanical:MountingHole","MountingHole:MountingHole_3.2mm_M3","~","","","","","","","","","","","","","",""
"18","1","H4","Bottom Right Mounting Hole","Mechanical:MountingHole","MountingHole:MountingHole_3.2mm_M3","~","","","","","","","","","","","","","",""
"19","1","HS1","MOSFET Heatsink","Mechanical:Heatsink","Heatsink:Heatsink_Fischer_SK129-STS_42x25mm_2xDrill2.5mm","https://www.ohmite.com/assets/docs/sink_f_r.pdf","","Mouser","0","N/A","","","Ohmite","FA-T220-38E","588-FA-T220-38E","","","2.09","https://www.mouser.com/ProductDetail/Ohmite/FA-T220-38E?qs=wmFqszA%252Be7PklmA5Rej7jg%3D%3D",""
"20","1","HS2","Snubber Heatsink","Mechanical:Heatsink","Heatsink:Heatsink_Fischer_SK129-STS_42x25mm_2xDrill2.5mm","https://www.ohmite.com/assets/docs/sink_f_r.pdf","","Mouser","0","N/A","","","Ohmite","FA-T220-38E","588-FA-T220-38E","","","2.09","https://www.mouser.com/ProductDetail/Ohmite/FA-T220-38E?qs=wmFqszA%252Be7PklmA5Rej7jg%3D%3D",""
"21","1","HS3","Schottky Diode Heatsink","Mechanical:Heatsink","Heatsink:Heatsink_Fischer_SK129-STS_42x25mm_2xDrill2.5mm","https://www.ohmite.com/assets/docs/sink_f_r.pdf","","Mouser","0","N/A","","","Ohmite","FA-T220-38E","588-FA-T220-38E","","","2.09","https://www.mouser.com/ProductDetail/Ohmite/FA-T220-38E?qs=wmFqszA%252Be7PklmA5Rej7jg%3D%3D",""
"22","1","J1","Car Power","MPPT:PWR_Connector_43650-0215","Connector_Molex:Molex_Micro-Fit_3.0_43650-0215_1x02_P3.00mm_Vertical","https://www.mouser.com/datasheet/2/276/0436500215_PCB_HEADERS-148687.pdf","","Mouser","0","N/A","","","Molex","43650-0215","538-43650-0215","","","1.46","https://www.mouser.com/ProductDetail/538-43650-0215",""
"23","1","J2","9V Supply","Connector_Generic:Conn_01x02","Connector_Molex:Molex_Micro-Fit_3.0_43650-0215_1x02_P3.00mm_Vertical","https://www.mouser.com/datasheet/2/276/0436500215_PCB_HEADERS-148687.pdf","","Mouser","0","N/A","","","Molex","43650-0215","538-43650-0215","","","1.46","https://www.mouser.com/ProductDetail/538-43650-0215",""
"24","1","J3","Solar Array","MPPT:PWR_Connector_1720796","MPPT:PhoenixContact_PowerCombicon5_GF_2x7.62mm","https://www.mouser.com/datasheet/2/324/4/1720796-1436970.pdf","","Mouser","0","N/A","","","Phoenix Contact","1720796","651-1720796","","","3.49","https://www.mouser.com/ProductDetail/Phoenix-Contact/1720796?qs=247rt3TV2s67LEA3FU6sPw%3D%3D",""
"25","1","J4","Battery","MPPT:PWR_Connector_1720796","MPPT:PhoenixContact_PowerCombicon5_GF_2x7.62mm","https://www.mouser.com/datasheet/2/324/4/1720796-1436970.pdf","","Mouser","0","N/A","","","Phoenix Contact","1720796","651-1720796","","","3.49","https://www.mouser.com/ProductDetail/Phoenix-Contact/1720796?qs=247rt3TV2s67LEA3FU6sPw%3D%3D",""
"26","1","J5","CAN_In","MPPT:CAN_Connector_43650-0427","Connector_Molex:Molex_Micro-Fit_3.0_43650-0415_1x04_P3.00mm_Vertical","https://www.mouser.com/datasheet/2/276/0436500415_PCB_HEADERS-148705.pdf","","Mouser","0","N/A","","","Molex","43650-0427","538-43650-0427","","","1.70","https://www.mouser.com/ProductDetail/Molex/43650-0427?qs=yYVs2tXBqMNbk6Zhnc0cBQ%3D%3D",""
"27","1","J6","CAN_Out","MPPT:CAN_Connector_43650-0427","Connector_Molex:Molex_Micro-Fit_3.0_43650-0415_1x04_P3.00mm_Vertical","https://www.mouser.com/datasheet/2/276/0436500415_PCB_HEADERS-148705.pdf","","Mouser","0","N/A","","","Molex","43650-0427","538-43650-0427","","","1.70","https://www.mouser.com/ProductDetail/Molex/43650-0427?qs=yYVs2tXBqMNbk6Zhnc0cBQ%3D%3D",""
"28","1","JP1","Jumper","Jumper:Jumper_2_Bridged","Connector_PinHeader_2.54mm:PinHeader_1x02_P2.54mm_Vertical","~","","","","","","","","","","","","","",""
"29","1","L1","6.8uH","Device:L_Small","Inductor_SMD:L_Taiyo-Yuden_NR-50xx","https://www.mouser.com/datasheet/2/396/wound04_e-1290968.pdf","","Mouser","0","N/A","","","Taiyo Yuden","NRS5040T6R8MMGJ","963-NRS5040T6R8MMGJ","","","0.36","https://www.mouser.com/ProductDetail/Taiyo-Yuden/NRS5040T6R8MMGJ?qs=y6ZabgHbY%252Bzi5243tSRdMg%3D%3D",""
"30","1","L2","560uH","Device:L_Ferrite","MPPT:L_Toroid_Vertical_L46.0mm_W19.1mm_P21.80mm_Bourns_5700","https://www.coilws.com/images/HF3302-601M-8.0A%20Rev.A.pdf","","CoilWS","0","N/A","","","Coil Winding Specialist, Inc","HF400-601M-8.0AV","N/A","","","11.50","https://www.coilws.com/index.php?main_page=index&cPath=208_212_228_237",""
"31","2","L3, L4","1.8kOhm","Device:FerriteBead_Small","Inductor_SMD:L_0805_2012Metric","https://www.mouser.com/datasheet/2/281/1/mure_s_a0010614356_1-2279078.pdf","","Mouser","0","N/A","","","Murata Electronics","BLM21BD182SN1D","81-BLM21BD182SN1D","","","0.23","https://www.mouser.com/ProductDetail/Murata-Electronics/BLM21BD182SN1D?qs=sGAEpiMZZMvCgIIVhD0Cyg9cJWfqr1nr",""
"32","1","LED1","5V (Green)","Device:LED_Small","LED_SMD:LED_0805_2012Metric","https://www.mouser.com/datasheet/2/216/APTD2012LCGCK-1102037.pdf","","Mouser","0","N/A","","","Kingbright","APTD2012LCGCK","604-APTD2012LCGCK","","","0.42","https://www.mouser.com/ProductDetail/Kingbright/APTD2012LCGCK?qs=AQlKX63v8RvNHN%2F9EGvNTg%3D%3D",""
"33","3","LED2, LED3, LED4","9V (Green)","Device:LED","LED_SMD:LED_0805_2012Metric","https://www.mouser.com/datasheet/2/216/APTD2012LCGCK-1102037.pdf","","Mouser","0","N/A","","","Kingbright","APTD2012LCGCK","604-APTD2012LCGCK","","","0.42","https://www.mouser.com/ProductDetail/Kingbright/APTD2012LCGCK?qs=AQlKX63v8RvNHN%2F9EGvNTg%3D%3D",""
"34","1","LED5","Heartbeat (Blue)","Device:LED","LED_SMD:LED_0805_2012Metric","https://www.mouser.com/datasheet/2/216/APTD2012LQBC_D-1102003.pdf","","Mouser","0","N/A","","","Kingbright","APTD2012LQBC/D","604-APTD2012LQBCD","","","0.57","https://www.mouser.com/ProductDetail/Kingbright/APTD2012LQBC-D?qs=AQlKX63v8RvDGqprk6aUCg%3D%3D",""
"35","1","LED6","Tracking (Blue)","Device:LED","LED_SMD:LED_0805_2012Metric","https://www.mouser.com/datasheet/2/216/APTD2012LQBC_D-1102003.pdf","","Mouser","0","N/A","","","Kingbright","APTD2012LQBC/D","604-APTD2012LQBCD","","","0.57","https://www.mouser.com/ProductDetail/Kingbright/APTD2012LQBC-D?qs=AQlKX63v8RvDGqprk6aUCg%3D%3D",""
"36","1","LED7","PWM (Blue)","Device:LED","LED_SMD:LED_0805_2012Metric","https://www.mouser.com/datasheet/2/216/APTD2012LQBC_D-1102003.pdf","","Mouser","0","N/A","","","Kingbright","APTD2012LQBC/D","604-APTD2012LQBCD","","","0.57","https://www.mouser.com/ProductDetail/Kingbright/APTD2012LQBC-D?qs=AQlKX63v8RvDGqprk6aUCg%3D%3D",""
"37","1","LED8","CAN_Rx (Blue)","Device:LED","LED_SMD:LED_0805_2012Metric","https://www.mouser.com/datasheet/2/216/APTD2012LQBC_D-1102003.pdf","","Mouser","0","N/A","","","Kingbright","APTD2012LQBC/D","604-APTD2012LQBCD","","","0.57","https://www.mouser.com/ProductDetail/Kingbright/APTD2012LQBC-D?qs=AQlKX63v8RvDGqprk6aUCg%3D%3D",""
"38","1","LED9","CAN_Tx (Blue)","Device:LED","LED_SMD:LED_0805_2012Metric","https://www.mouser.com/datasheet/2/216/APTD2012LQBC_D-1102003.pdf","","Mouser","0","N/A","","","Kingbright","APTD2012LQBC/D","604-APTD2012LQBCD","","","0.57","https://www.mouser.com/ProductDetail/Kingbright/APTD2012LQBC-D?qs=AQlKX63v8RvDGqprk6aUCg%3D%3D",""
"39","1","LED10","Error (Amber)","Device:LED","LED_SMD:LED_0805_2012Metric","https://www.mouser.com/datasheet/2/216/APTD2012LSURCK-1101937.pdf","","Mouser","0","N/A","","","Kingbright","APTD2012LSURCK","604-APTD2012LSURCK","","","0.46","https://www.mouser.com/ProductDetail/Kingbright/APTD2012LSURCK?qs=AQlKX63v8RvkMadNvwbkxw%3D%3D",""
"40","2","Q1, Q2","NMOS","Device:Q_NMOS_GDS","Package_TO_SOT_THT:TO-247-3_Vertical","https://www.mouser.com/datasheet/2/240/Littelfuse_Discrete_MOSFETs_N-Channel_Ultra_Juncti-1856540.pdf","https://www.mouser.com/ProductDetail/IXYS/IXTH62N65X2?qs=uwxL4vQweFOU8MuQLTmSuw%3D%3D","Mouser","0","N/A","","","IXYS","IXFH80N65X2","747-IXFH80N65X2","","","12.97","https://www.mouser.com/ProductDetail/IXYS/IXFH80N65X2?qs=gQEZvVdd8GvOwctnV2J88A%3D%3D",""
"41","1","R1","330","Device:R_Small","Resistor_SMD:R_0805_2012Metric","https://datasheet.lcsc.com/lcsc/2110251830_UNI-ROYAL-Uniroyal-Elec-0805W8F3300T5E_C17630.pdf","","JLCPCB","1","C17630","","","Uniroyal Elec","0805W8F3300T5E","N/A","","","0.0024","N/A",""
"42","1","R2","1.5","Device:R","Resistor_SMD:R_0805_2012Metric","https://www.mouser.com/datasheet/2/427/crcwhpe3-1713858.pdf","","Mouser","0","N/A","","","Vishay","CRCW08051R50FKEAHP","71-CRCW08051R50FKEAH","","","0.38","https://www.mouser.com/ProductDetail/Vishay-Dale/CRCW08051R50FKEAHP?qs=40TFAHZMFvfJviTUOHoEXQ%3D%3D",""
"43","7","R3, R17, R18, R19, R20, R21, R22","330","Device:R","Resistor_SMD:R_0805_2012Metric","https://datasheet.lcsc.com/lcsc/2110251830_UNI-ROYAL-Uniroyal-Elec-0805W8F3300T5E_C17630.pdf","","JLCPCB","1","C17630","","","Uniroyal Elec","0805W8F3300T5E","N/A","","","0.0024","N/A",""
"44","1","R4","10k","Device:R","Resistor_SMD:R_0805_2012Metric","https://datasheet.lcsc.com/lcsc/2110251730_UNI-ROYAL-Uniroyal-Elec-0805W8F1002T5E_C17414.pdf","","JLCPCB","1","C17414","","","Uniroyal Elec","0805W8F1002T5E","N/A","","","0.0023","N/A",""
"45","1","R5","R","Device:R","Package_TO_SOT_THT:TO-220-2_Vertical","https://www.mouser.com/datasheet/2/54/pwr220t_35-778357.pdf","See 2, 10, 20, 33, 75, 150 ohm versions.","Mouser","0","N/A","","","Bourns","PWR220T-35-33R0J","652-PWR220T-35-33R0J","","","3.43","https://www.mouser.com/ProductDetail/Bourns/PWR220T-35-33R0J?qs=%252B9%2Fcbd0IE0QV43aHLVipNg%3D%3D",""
"46","2","R6, R7","2m","Device:R","Resistor_SMD:R_1206_3216Metric","https://www.mouser.com/datasheet/2/348/ROHM_S_A0011096104_1-2563399.pdf","https://www.mouser.com/ProductDetail/Bourns/CRF1206-FZ-R002ELF?qs=NoqMqJKvPFJVdeqRsRJxRg%3D%3D","Mouser","0","N/A","","","ROHM Semiconductor","PMR18EZPFV2L00","755-PMR18EZPFV2L00","","","0.69","https://www.mouser.com/ProductDetail/ROHM-Semiconductor/PMR18EZPFV2L00?qs=oBjDkOCjPF3F%252BxFCsdw8aQ%3D%3D",""
"47","2","R8, R10","100k","Device:R","Resistor_SMD:R_0805_2012Metric","https://datasheet.lcsc.com/lcsc/2110260430_UNI-ROYAL-Uniroyal-Elec-0805W8F1003T5E_C149504.pdf","","JLCPCB","1","C149504","","","Uniroyal Elec","0805W8F1003T5E","N/A","","","0.0025","N/A",""
"48","1","R9","3k","Device:R","Resistor_SMD:R_0805_2012Metric","https://datasheet.lcsc.com/lcsc/2110251830_UNI-ROYAL-Uniroyal-Elec-0805W8F3001T5E_C17661.pdf","","JLCPCB","1","C17661","","","Uniroyal Elec","0805W8F3001T5E","N/A","","","0.0025","N/A",""
"49","1","R11","2k","Device:R","Resistor_SMD:R_0805_2012Metric","https://datasheet.lcsc.com/lcsc/2110251830_UNI-ROYAL-Uniroyal-Elec-0805W8F2001T5E_C17604.pdf","","JLCPCB","1","C17604","","","Uniroyal Elec","0805W8F2001T5E","N/A","","","0.0025","N/A",""
"50","1","R12","0","Device:R","Resistor_SMD:R_0805_2012Metric","https://datasheet.lcsc.com/lcsc/2110251730_UNI-ROYAL-Uniroyal-Elec-0805W8F0000T5E_C17477.pdf","","JLCPCB","1","C17477","","","Uniroyal Elec","0805W8F0000T5E","N/A","","","0.0023","N/A",""
"51","2","R13, R14","60.4","Device:R_Small","Resistor_SMD:R_0805_2012Metric","https://www.mouser.com/datasheet/2/427/crcwhpe3-1713858.pdf","","Mouser","0","N/A","","","Vishay/Dale","CRCW080560R4FKEAHP","71-CRCW080560R4FKEAH","","","0.25","https://www.mouser.com/ProductDetail/Vishay-Dale/CRCW080560R4FKEAHP?qs=40TFAHZMFvcOLVKmRrsypQ%3D%3D",""
"52","1","R15","15k","Device:R","Resistor_SMD:R_0805_2012Metric","https://datasheet.lcsc.com/lcsc/2110251730_UNI-ROYAL-Uniroyal-Elec-0805W8F1502T5E_C17475.pdf","","JLCPCB","1","C17475","","","Uniroyal Elec","0805W8F1502T5E","N/A","","","0.0024","N/A",""
"53","1","R16","27k","Device:R","Resistor_SMD:R_0805_2012Metric","https://datasheet.lcsc.com/lcsc/2110251830_UNI-ROYAL-Uniroyal-Elec-0805W8F2702T5E_C17593.pdf","","JLCPCB","1","C17593","","","Uniroyal Elec","0805W8F2702T5E","N/A","","","0.0024","N/A",""
"54","1","SW1","SW_Push","Switch:SW_Push","Button_Switch_THT:SW_PUSH_6mm","https://www.mouser.com/datasheet/2/670/ts02-2586188.pdf","","Mouser","0","N/A","","","CUI Devices","TS02-66-50-BK-260-SCR-D","179-TS026650BK260SCR","","","0.10","https://www.mouser.com/ProductDetail/CUI-Devices/TS02-66-50-BK-260-SCR-D?qs=A6eO%252BMLsxmQtNldP04biKA%3D%3D",""
"55","1","SW2","SW_DIP_x02","Switch:SW_DIP_x02","MPPT:ADF02ST04_DIP_Switch_2_POS","https://www.mouser.com/datasheet/2/418/5/ENG_CD_1825059_A8-659985.pdf","","Mouser","0","N/A","","","TE Connectivity","ADF02ST04","506-ADF02ST04","","","1.13","https://www.mouser.com/ProductDetail/TE-Connectivity-Alcoswitch/ADF02ST04?qs=g%252BEszo6zu8MYpJDGyO7kjQ%3D%3D",""
"56","1","TP1","12V","Connector:TestPoint","TestPoint:TestPoint_Pad_1.0x1.0mm","~","","","","","","","","","","","","","",""
"57","1","TP2","Car GND","Connector:TestPoint","TestPoint:TestPoint_Pad_1.0x1.0mm","~","","","","","","","","","","","","","",""
"58","1","TP3","+9V","Connector:TestPoint","TestPoint:TestPoint_Pad_1.0x1.0mm","~","","","","","","","","","","","","","",""
"59","1","TP4","+3V3","Connector:TestPoint","TestPoint:TestPoint_Pad_1.0x1.0mm","~","","","","","","","","","","","","","",""
"60","1","TP5","+5V","Connector:TestPoint","TestPoint:TestPoint_Pad_1.0x1.0mm","~","","","","","","","","","","","","","",""
"61","1","TP6","Board GND","Connector:TestPoint","TestPoint:TestPoint_Pad_1.0x1.0mm","~","","","","","","","","","","","","","",""
"62","1","TP7","PWM","Connector:TestPoint","TestPoint:TestPoint_Pad_1.0x1.0mm","~","","","","","","","","","","","","","",""
"63","1","TP8","AGND","Connector:TestPoint","TestPoint:TestPoint_Pad_1.0x1.0mm","~","","","","","","","","","","","","","",""
"64","1","TP9","9VA","Connector:TestPoint","TestPoint:TestPoint_Pad_1.0x1.0mm","~","","","","","","","","","","","","","",""
"65","1","TP10","GATE","Connector:TestPoint","TestPoint:TestPoint_Pad_1.0x1.0mm","~","","","","","","","","","","","","","",""
"66","1","TP11","+SNUB","Connector:TestPoint","TestPoint:TestPoint_Pad_1.0x1.0mm","~","","","","","","","","","","","","","",""
"67","1","TP12","M_SNUB","Connector:TestPoint","TestPoint:TestPoint_Pad_1.0x1.0mm","~","","","","","","","","","","","","","",""
"68","1","TP13","-SNUB","Connector:TestPoint","TestPoint:TestPoint_Pad_1.0x1.0mm","~","","","","","","","","","","","","","",""
"69","2","TP14, TP18","GND","Connector:TestPoint","TestPoint:TestPoint_Pad_1.0x1.0mm","~","","","","","","","","","","","","","",""
"70","1","TP15","-ARR","Connector:TestPoint","TestPoint:TestPoint_Pad_1.0x1.0mm","~","","","","","","","","","","","","","",""
"71","1","TP16","Array Current","Connector:TestPoint","TestPoint:TestPoint_Pad_1.0x1.0mm","~","","","","","","","","","","","","","",""
"72","1","TP17","-BATT","Connector:TestPoint","TestPoint:TestPoint_Pad_1.0x1.0mm","~","","","","","","","","","","","","","",""
"73","1","TP19","Battery Current","Connector:TestPoint","TestPoint:TestPoint_Pad_1.0x1.0mm","~","","","","","","","","","","","","","",""
"74","1","TP20","+ARR","Connector:TestPoint","TestPoint:TestPoint_Pad_1.0x1.0mm","~","","","","","","","","","","","","","",""
"75","1","TP21","Arr_V","Connector:TestPoint","TestPoint:TestPoint_Pad_1.0x1.0mm","~","","","","","","","","","","","","","",""
"76","1","TP22","+BATT","Connector:TestPoint","TestPoint:TestPoint_Pad_1.0x1.0mm","~","","","","","","","","","","","","","",""
"77","1","TP23","Batt_V","Connector:TestPoint","TestPoint:TestPoint_Pad_1.0x1.0mm","~","","","","","","","","","","","","","",""
"78","1","TP24","CAN_Tx","Connector:TestPoint","TestPoint:TestPoint_Pad_1.0x1.0mm","~","","","","","","","","","","","","","",""
"79","1","TP25","CAN_Rx","Connector:TestPoint","TestPoint:TestPoint_Pad_1.0x1.0mm","~","","","","","","","","","","","","","",""
"80","1","TP26","CAN_ISO_Vout","Connector:TestPoint","TestPoint:TestPoint_Pad_1.0x1.0mm","~","","","","","","","","","","","","","",""
"81","1","TP27","CAN_ISO_Vin","Connector:TestPoint","TestPoint:TestPoint_Pad_1.0x1.0mm","~","","","","","","","","","","","","","",""
"82","1","TP28","CAN_ISO_GndIn","Connector:TestPoint","TestPoint:TestPoint_Pad_1.0x1.0mm","~","","","","","","","","","","","","","",""
"83","1","TP29","CAN_ISO_GndOut","Connector:TestPoint","TestPoint:TestPoint_Pad_1.0x1.0mm","~","","","","","","","","","","","","","",""
"84","1","TP30","CAN_H","Connector:TestPoint","TestPoint:TestPoint_Pad_1.0x1.0mm","~","","","","","","","","","","","","","",""
"85","1","TP31","CAN_L","Connector:TestPoint","TestPoint:TestPoint_Pad_1.0x1.0mm","~","","","","","","","","","","","","","",""
"86","1","U1","RI3-1205S","MPPT:RI3-1205S","MPPT:CONV_RI3-1205S","https://www.mouser.com/datasheet/2/468/RI3-1711119.pdf","","Mouser","0","N/A","Recom","10.2mm","RECOM Power","RI3-1205S","919-RI3-1205S","3","","11.17","https://www.mouser.com/ProductDetail/RECOM-Power/RI3-1205S?qs=IbBl3rwNelPT1WcVQVA01Q%3D%3D","Manufacturer Recommendations"
"87","1","U2","MCU_Nucleo_L432KC","MPPT:MCU_Nucleo_L432KC","MPPT:MODULE_NUCLEO-L432KC","https://www.mouser.com/datasheet/2/389/nucleo-f031k6-1484037.pdf","","Mouser","0","N/A","","","STMicroelectronics","511-NUCLEO-L432KC","511-NUCLEO-L432KC","","","10.64","https://www.mouser.com/ProductDetail/STMicroelectronics/NUCLEO-L432KC?qs=qzCNEk%252BRr%252BajjPvxjwWK5g%3D%3D",""
"88","1","U3","UCC37321","MPPT:UCC37321","Package_SO:SOIC-8_3.9x4.9mm_P1.27mm","https://www.ti.com/lit/gpn/UCC37321","","Texas Instruments","0","N/A","","","Texas Instruments","UCC37321D","N/A","","","1.335","https://www.ti.com/store/ti/en/p/product/?p=UCC37321D",""
"89","1","U4","IES01_PDS1","MPPT:IES01_PDS1","MPPT:IES01_PDS1","https://www.mouser.com/datasheet/2/942/SF_IES01-1666999.pdf","https://www.mouser.com/ProductDetail/CUI-Inc/PDS1-S5-S9-M-TR?qs=WyjlAZoYn52QMcZg5rCl5g%3D%3D","Mouser","0","N/A","","","XP Power","IES0105S09","209-IES0105S09","","","3.60","https://www.mouser.com/ProductDetail/XP-Power/IES0105S09?qs=Cb2nCFKsA8olKT2yq0l%2FZg%3D%3D",""
"90","2","U5, U6","INA210","Array:OP_AMP_INA21x","Package_TO_SOT_SMD:SOT-363_SC-70-6_Handsoldering","https://www.ti.com/lit/gpn/INA210","","Texas Instruments","0","N/A","","","Texas Instruments","","","","INA210AIDCKT","1.156","https://www.ti.com/store/ti/en/p/product/?p=INA210AIDCKT&HQS=OCB-tistore-null-storeinv-invf-store-octopart-wwe",""
"91","2","U7, U8","MAX40075","Amplifier_Operational:MAX4238AUT","Package_TO_SOT_SMD:SOT-23-6","https://www.mouser.com/datasheet/2/256/MAX40075_MAX40088-1284430.pdf","","Mouser","0","N/A","","","Maxim Integrated","MAX40075AUT+","700-MAX40075AUT+","","","2.13","https://www.mouser.com/ProductDetail/Maxim-Integrated/MAX40075AUT%2b?qs=rrS6PyfT74cbt4ErCTtr0Q%3D%3D",""
"92","1","U9","ADM3055E","MPPT:CAN_Chip_ADM3055E","MPPT:ADM3055EBRIZ","https://www.mouser.com/datasheet/2/609/ADM3055E-3057E-1509677.pdf","","Mouser","0","N/A","","","Analog Devices","ADM3055EBRIZ","584-ADM3055EBRIZ","","","14.91","https://www.mouser.com/ProductDetail/Analog-Devices/ADM3055EBRIZ?qs=w%2Fv1CP2dgqo%2F70Yob%2FS6iA%3D%3D",""
"93","1","U10","CDSOT23-T24CAN","MPPT:CAN_Bus_Protector_CDSOT23-T24CAN","Package_TO_SOT_SMD:SOT-23","https://www.mouser.com/datasheet/2/54/cdsot23-t24can-q-1534349.pdf","","Mouser","0","N/A","","","Bourns","CDSOT23-T24CAN-Q","652-CDSOT23-T24CAN-Q","","","0.50","https://www.mouser.com/ProductDetail/Bourns/CDSOT23-T24CAN-Q?qs=xhbEVWpZdWdLN7nyBILlNA%3D%3D",""
