Designator,Val,Package,Mid X,Mid Y,Rotation,Layer
C1,10uF,C_0805_2012Metric,-21.4225,13.75,180,bottom
C2,10uF,C_0805_2012Metric,-27.1375,13.785,180,bottom
C3,100nF,C_0805_2012Metric,-11.03,106.51,90,bottom
C4,100nF,C_0805_2012Metric,-33.125,83.675,-90,bottom
C5,1uF,C_0805_2012Metric,-33.105,87.64,-90,bottom
C6,4.7uF,C_0805_2012Metric,-24.415,23.685,0,bottom
C7,4.7uF,C_0805_2012Metric,-24.54,33.125,0,bottom
C8,2.2uF,C_0805_2012Metric,-24.53,36.08,180,bottom
C10,100nF,C_0805_2012Metric,-88.83,30.6125,90,bottom
C11,100nF,C_0805_2012Metric,-54.215,30.546,90,bottom
C12,100nF,C_0805_2012Metric,-116.475,43.88,0,bottom
C13,100nF,C_0805_2012Metric,-48.685,41.41,180,bottom
C14,10uF,C_0805_2012Metric,-24.085,53.13,0,bottom
C15,100nF,C_0805_2012Metric,-24.09,50.09,180,bottom
C16,100nF,C_0805_2012Metric,-19.635,53.09,0,bottom
C17,10nF,C_0805_2012Metric,-19.63,50.07,180,bottom
C18,220nF,C_0805_2012Metric,-14.94,33.6075,0,bottom
C19,10uF,C_0805_2012Metric,-14.925,31.1375,0,bottom
C20,100nF,C_0805_2012Metric,-9.235,31.1275,0,bottom
C21,10nF,C_0805_2012Metric,-9.235,33.6175,180,bottom
D1,13.2V,D_SOD-323F,-21.5575,16.72,180,bottom
D2,3.3V Zener,D_MiniMELF,-39.415,79.93,0,bottom
D3,16.3V Zener,D_SOD-123F,-39.255,92.49,-90,bottom
D7,3.3V Zener,D_MiniMELF,-90.56,26.8725,180,bottom
D8,3.3V Zener,D_MiniMELF,-55.96,26.696,180,bottom
D9,3.3V Zener,D_MiniMELF,-117.41,35.71,180,bottom
D10,3.3V Zener,D_MiniMELF,-47.74,49.745,0,bottom
L1,6.8uH,L_Taiyo-Yuden_NR-50xx,-24.42,28.3,90,bottom
R1,330,R_0805_2012Metric,-27.155,16.745,180,bottom
R3,330,R_0805_2012Metric,-24.5725,39.32,180,bottom
R4,10k,R_0805_2012Metric,-42.38,91.9925,-90,bottom
R6,2m,R_1206_3216Metric,-99.16,30.53,90,bottom
R7,2m,R_1206_3216Metric,-64.685,30.5075,-90,bottom
R8,100k,R_0805_2012Metric,-112.795,40.5875,90,bottom
R9,3k,R_0805_2012Metric,-112.79,36.2525,-90,bottom
R10,100k,R_0805_2012Metric,-52.36,44.8,-90,bottom
R11,2k,R_0805_2012Metric,-52.345,49.155,90,bottom
R12,0,R_0805_2012Metric,-4.025,33.6275,180,bottom
R13,60.4,R_0805_2012Metric,-7.675,27.515,-90,bottom
R14,60.4,R_0805_2012Metric,-4.985,27.53,90,bottom
R15,15k,R_0805_2012Metric,-112.665,29.765,90,bottom
R16,27k,R_0805_2012Metric,-77.96,29.68,90,bottom
R17,330,R_0805_2012Metric,-8.68,74.735,180,bottom
R18,330,R_0805_2012Metric,-8.68,71.825,180,bottom
R19,330,R_0805_2012Metric,-8.6775,65.995,180,bottom
R20,330,R_0805_2012Metric,-8.6725,60.115,180,bottom
R21,330,R_0805_2012Metric,-8.68,63.105,180,bottom
R22,330,R_0805_2012Metric,-8.6525,68.95,180,bottom
U5,INA210,SOT-363_SC-70-6_Handsoldering,-93.215,30.3575,0,bottom
U6,INA210,SOT-363_SC-70-6_Handsoldering,-58.625,30.271,0,bottom
U7,MAX40075,SOT-23-6,-116.465,39.885,90,bottom
U8,MAX40075,SOT-23-6,-48.69,45.477618,-90,bottom
C9,CP?,C_Rect_L16.5mm_W7.0mm_P15.00mm_MKT,93.47,121.23,0,top
CP1,1000uF,CP_Radial_D30.0mm_P10.00mm_SnapIn,108.065,52.12,180,top
CP2,1000uF,CP_Radial_D30.0mm_P10.00mm_SnapIn,66.72,52.41,180,top
D4,Schottky,TO-220-2_Vertical,72.765,120.65,-90,top
D5,Schottky,TO-220-2_Vertical,66.445,77.3,0,top
D6,Schottky,TO-220-2_Vertical,71.525,86.845,180,top
F1,Fuse,05200101Z_Fuze_Holder_5x20_PCB_Mount,109.165,25.581,180,top
F2,Fuse,05200101Z_Fuze_Holder_5x20_PCB_Mount,48.54,35.7,0,top
F3,Fuse,05200101Z_Fuze_Holder_5x20_PCB_Mount,42.5875,35.805,-90,top
G***,LOGO,Hallock_Image_Tiny,21.015,107.695,0,top
HS1,MOSFET Heatsink,Heatsink_Fischer_SK129-STS_42x25mm_2xDrill2.5mm,50.025,118.17,90,top
HS2,Snubber Heatsink,Heatsink_Fischer_SK129-STS_42x25mm_2xDrill2.5mm,77.56,118.165,90,top
HS3,Schottky Diode Heatsink,Heatsink_Fischer_SK129-STS_42x25mm_2xDrill2.5mm,68.98,82.08,0,top
J1,Car Power,Molex_Micro-Fit_3.0_43650-0215_1x02_P3.00mm_Vertical,37.45,5.595,180,top
J2,9V Supply,Molex_Micro-Fit_3.0_43650-0215_1x02_P3.00mm_Vertical,5.95,105.535,90,top
J3,Solar Array,PhoenixContact_PowerCombicon5_GF_2x7.62mm,94.81,21.395,0,top
J4,Battery,PhoenixContact_PowerCombicon5_GF_2x7.62mm,57.53,21.46,0,top
J5,CAN_In,Molex_Micro-Fit_3.0_43650-0415_1x04_P3.00mm_Vertical,13.725,12.075,180,top
J6,CAN_Out,Molex_Micro-Fit_3.0_43650-0415_1x04_P3.00mm_Vertical,13.73,20.875,180,top
JP1,Jumper,PinHeader_1x02_P2.54mm_Vertical,12.76,27.4225,90,top
L2,560uH,L_Toroid_Vertical_L46.0mm_W19.1mm_P21.80mm_Bourns_5700,116.085,92.76,-90,top
L3,1.8kOhm,L_0805_2012Metric,13.825,32.38,90,top
L4,1.8kOhm,L_0805_2012Metric,16.05,32.395,90,top
LED1,5V (Green),LED_0805_2012Metric,25.6075,19.37,0,top
LED2,9V (Green),LED_0805_2012Metric,22.72,39.32,0,top
LED3,9V (Green),LED_0805_2012Metric,112.675,29.76,90,top
LED4,9V (Green),LED_0805_2012Metric,77.95,29.6775,90,top
LED5,Heartbeat (Blue),LED_0805_2012Metric,8.685,74.72,180,top
LED6,Tracking (Blue),LED_0805_2012Metric,8.675,71.825,180,top
LED7,PWM (Blue),LED_0805_2012Metric,8.67,65.99,180,top
LED8,CAN_Rx (Blue),LED_0805_2012Metric,8.67,60.115,180,top
LED9,CAN_Tx (Blue),LED_0805_2012Metric,8.675,63.11,180,top
LED10,Error (Amber),LED_0805_2012Metric,8.6575,68.945,180,top
Q1,NMOS,TO-247-3_Vertical,46.02,123.625,-90,top
Q2,NMOS,TO-247-3_Vertical,53.93,112.755,90,top
R2,1.5,R_0805_2012Metric,36.075,91.9675,90,top
R5,R,TO-220-2_Vertical,82.295,115.57,90,top
SW1,SW_Push,SW_PUSH_6mm,3.715,91.755,90,top
SW2,SW_DIP_x02,ADF02ST04_DIP_Switch_2_POS,6.985,87.2,-90,top
U1,RI3-1205S,CONV_RI3-1205S,24.2075,13.35,0,top
U2,MCU_Nucleo_L432KC,MODULE_NUCLEO-L432KC,20.89,74.375,0,top
U3,UCC37321,SOIC-8_3.9x4.9mm_P1.27mm,37.825,85.685,90,top
U4,IES01_PDS1,IES01_PDS1,28.41,23.69,180,top
U9,ADM3055E,ADM3055EBRIZ,9.57,41.2125,-90,top
U10,CDSOT23-T24CAN,SOT-23,6.335,27.49,-90,top
