Comment,Designator,Footprint,LCSC Part #
"10uF Unpolarized capacitor, small symbol","C1,C2,C14,C19","['Capacitor_SMD', 'C_0805_2012Metric']",C15850
"100nF Unpolarized capacitor, small symbol","C3,C4,C10,C11,C12,C13,C15,C16,C20","['Capacitor_SMD', 'C_0805_2012Metric']",C28233
"1uF Unpolarized capacitor, small symbol",C5,"['Capacitor_SMD', 'C_0805_2012Metric']",C28323
"4.7uF Unpolarized capacitor, small symbol","C6,C7","['Capacitor_SMD', 'C_0805_2012Metric']",C1779
"2.2uF Unpolarized capacitor, small symbol",C8,"['Capacitor_SMD', 'C_0805_2012Metric']",C49217
"10nF Unpolarized capacitor, small symbol","C17,C21","['Capacitor_SMD', 'C_0805_2012Metric']",C1710
"220nF Unpolarized capacitor, small symbol",C18,"['Capacitor_SMD', 'C_0805_2012Metric']",C5378
"3.3V Zener Zener diode, small symbol","D2,D7,D8,D9,D10","['Diode_SMD', 'D_MiniMELF']",C8056
Top Left Mounting Hole Mounting Hole without connection,H1,"['MountingHole', 'MountingHole_3.2mm_M3']",
Top Right Mounting Hole Mounting Hole without connection,H2,"['MountingHole', 'MountingHole_3.2mm_M3']",
Bottom Left Mounting Hole Mounting Hole without connection,H3,"['MountingHole', 'MountingHole_3.2mm_M3']",
Bottom Right Mounting Hole Mounting Hole without connection,H4,"['MountingHole', 'MountingHole_3.2mm_M3']",
"Jumper Jumper, 2-pole, closed/bridged",JP1,"['Connector_PinHeader_2.54mm', 'PinHeader_1x02_P2.54mm_Vertical']",
330 Resistor,"R1,R3,R17,R18,R19,R20,R21,R22","['Resistor_SMD', 'R_0805_2012Metric']",C17630
10k Resistor,R4,"['Resistor_SMD', 'R_0805_2012Metric']",C17414
100k Resistor,"R8,R10","['Resistor_SMD', 'R_0805_2012Metric']",C149504
3k Resistor,R9,"['Resistor_SMD', 'R_0805_2012Metric']",C17661
2k Resistor,R11,"['Resistor_SMD', 'R_0805_2012Metric']",C17604
0 Resistor,R12,"['Resistor_SMD', 'R_0805_2012Metric']",C17477
15k Resistor,R15,"['Resistor_SMD', 'R_0805_2012Metric']",C17475
27k Resistor,R16,"['Resistor_SMD', 'R_0805_2012Metric']",C17593
12V test point,TP1,"['TestPoint', 'TestPoint_Pad_1.0x1.0mm']",
Car GND test point,TP2,"['TestPoint', 'TestPoint_Pad_1.0x1.0mm']",
+9V test point,TP3,"['TestPoint', 'TestPoint_Pad_1.0x1.0mm']",
+3V3 test point,TP4,"['TestPoint', 'TestPoint_Pad_1.0x1.0mm']",
+5V test point,TP5,"['TestPoint', 'TestPoint_Pad_1.0x1.0mm']",
Board GND test point,TP6,"['TestPoint', 'TestPoint_Pad_1.0x1.0mm']",
PWM test point,TP7,"['TestPoint', 'TestPoint_Pad_1.0x1.0mm']",
AGND test point,TP8,"['TestPoint', 'TestPoint_Pad_1.0x1.0mm']",
9VA test point,TP9,"['TestPoint', 'TestPoint_Pad_1.0x1.0mm']",
GATE test point,TP10,"['TestPoint', 'TestPoint_Pad_1.0x1.0mm']",
+SNUB test point,TP11,"['TestPoint', 'TestPoint_Pad_1.0x1.0mm']",
M_SNUB test point,TP12,"['TestPoint', 'TestPoint_Pad_1.0x1.0mm']",
-SNUB test point,TP13,"['TestPoint', 'TestPoint_Pad_1.0x1.0mm']",
GND test point,"TP14,TP18","['TestPoint', 'TestPoint_Pad_1.0x1.0mm']",
-ARR test point,TP15,"['TestPoint', 'TestPoint_Pad_1.0x1.0mm']",
Array Current test point,TP16,"['TestPoint', 'TestPoint_Pad_1.0x1.0mm']",
-BATT test point,TP17,"['TestPoint', 'TestPoint_Pad_1.0x1.0mm']",
Battery Current test point,TP19,"['TestPoint', 'TestPoint_Pad_1.0x1.0mm']",
+ARR test point,TP20,"['TestPoint', 'TestPoint_Pad_1.0x1.0mm']",
Arr_V test point,TP21,"['TestPoint', 'TestPoint_Pad_1.0x1.0mm']",
+BATT test point,TP22,"['TestPoint', 'TestPoint_Pad_1.0x1.0mm']",
Batt_V test point,TP23,"['TestPoint', 'TestPoint_Pad_1.0x1.0mm']",
CAN_Tx test point,TP24,"['TestPoint', 'TestPoint_Pad_1.0x1.0mm']",
CAN_Rx test point,TP25,"['TestPoint', 'TestPoint_Pad_1.0x1.0mm']",
CAN_ISO_Vout test point,TP26,"['TestPoint', 'TestPoint_Pad_1.0x1.0mm']",
CAN_ISO_Vin test point,TP27,"['TestPoint', 'TestPoint_Pad_1.0x1.0mm']",
CAN_ISO_GndIn test point,TP28,"['TestPoint', 'TestPoint_Pad_1.0x1.0mm']",
CAN_ISO_GndOut test point,TP29,"['TestPoint', 'TestPoint_Pad_1.0x1.0mm']",
CAN_H test point,TP30,"['TestPoint', 'TestPoint_Pad_1.0x1.0mm']",
CAN_L test point,TP31,"['TestPoint', 'TestPoint_Pad_1.0x1.0mm']",
