Designator,Val,Package,Mid X,Mid Y,Rotation,Layer
C1,10uF,C_0805_2012Metric,-50.3125,-146.765,180,bottom
C2,10uF,C_0805_2012Metric,-56.0275,-146.73,180,bottom
C3,100nF,C_0805_2012Metric,-28.325,-63.735,90,bottom
C4,100nF,C_0805_2012Metric,-50.63,-78.88,-90,bottom
C5,1uF,C_0805_2012Metric,-50.61,-74.915,-90,bottom
C6,4.7uF,C_0805_2012Metric,-53.305,-136.83,0,bottom
C7,4.7uF,C_0805_2012Metric,-53.43,-127.39,0,bottom
C8,2.2uF,C_0805_2012Metric,-53.42,-124.435,180,bottom
C10,100nF,C_0805_2012Metric,-110.78,-128.866,0,bottom
C11,100nF,C_0805_2012Metric,-76.195,-129.141,0,bottom
C12,100nF,C_0805_2012Metric,-102.835,-122.08375,180,bottom
C13,100nF,C_0805_2012Metric,-66.19,-121.145,180,bottom
C14,10uF,C_0805_2012Metric,-41.38,-117.115,0,bottom
C15,100nF,C_0805_2012Metric,-41.385,-120.155,180,bottom
C16,100nF,C_0805_2012Metric,-36.93,-117.155,0,bottom
C17,10nF,C_0805_2012Metric,-36.925,-120.175,180,bottom
C18,220nF,C_0805_2012Metric,-42.005,-135.435,0,bottom
C19,10uF,C_0805_2012Metric,-41.99,-137.905,0,bottom
C20,100nF,C_0805_2012Metric,-36.3,-137.915,0,bottom
C21,10nF,C_0805_2012Metric,-36.3,-135.425,180,bottom
D1,13.2V,D_SOD-323F,-50.4475,-143.795,180,bottom
D2,3.3V Zener,D_MiniMELF,-55.48,-82.68,0,bottom
D3,16.3V Zener,D_SOD-123F,-56.76,-70.065,-90,bottom
D7,3.3V Zener,D_MiniMELF,-107.565,-133.096,90,bottom
D8,3.3V Zener,D_MiniMELF,-73.11,-134.191,90,bottom
D9,3.3V Zener,D_MiniMELF,-101.9,-113.91375,0,bottom
D10,3.3V Zener,D_MiniMELF,-65.245,-112.81,0,bottom
L1,6.8uH,L_Taiyo-Yuden_NR-50xx,-53.31,-132.215,90,bottom
R1,330,R_0805_2012Metric,-56.1,-143.775,180,bottom
R3,330,R_0805_2012Metric,-53.4625,-121.195,180,bottom
R4,10k,R_0805_2012Metric,-59.885,-70.5625,-90,bottom
R6,2m,R_1206_3216Metric,-115.84,-132.05,90,bottom
R7,2m,R_1206_3216Metric,-81.36,-132.106,-90,bottom
R8,100k,R_0805_2012Metric,-106.515,-118.79125,-90,bottom
R9,3k,R_0805_2012Metric,-106.52,-114.45625,90,bottom
R10,100k,R_0805_2012Metric,-69.865,-117.755,-90,bottom
R11,2k,R_0805_2012Metric,-69.85,-113.4,90,bottom
R12,0,R_0805_2012Metric,-31.09,-135.415,180,bottom
R13,60.4,R_0805_2012Metric,-34.74,-141.5275,-90,bottom
R14,60.4,R_0805_2012Metric,-32.05,-141.5125,90,bottom
R15,15k,R_0805_2012Metric,-135.87,-146.4865,-90,bottom
R16,27k,R_0805_2012Metric,-97.515,-146.2875,-90,bottom
R17,330,R_0805_2012Metric,-25.975,-95.51,180,bottom
R18,330,R_0805_2012Metric,-25.975,-98.42,180,bottom
R19,330,R_0805_2012Metric,-25.9725,-104.25,180,bottom
R20,330,R_0805_2012Metric,-25.9675,-110.13,180,bottom
R21,330,R_0805_2012Metric,-25.975,-107.14,180,bottom
R22,330,R_0805_2012Metric,-25.9475,-101.295,180,bottom
U5,INA210,UQFN-10_1.4x1.8mm_P0.4mm,-110.975,-131.991,-90,bottom
U6,INA210,UQFN-10_1.4x1.8mm_P0.4mm,-76.381666,-132.236,-90,bottom
U7,MAX40075,SOT-23-6,-102.845,-118.08875,-90,bottom
U8,MAX40075,SOT-23-6,-66.195,-117.077382,-90,bottom
C9,CP?,C_Rect_L16.5mm_W7.0mm_P15.00mm_MKT,110.975,-41.325,0,top
CP1,1000uF,CP_Radial_D30.0mm_P10.00mm_SnapIn,125.57,-110.435,180,top
CP2,1000uF,CP_Radial_D30.0mm_P10.00mm_SnapIn,84.225,-110.145,180,top
D4,Schottky,TO-220-2_Vertical,90.27,-41.905,-90,top
D5,Schottky,TO-220-2_Vertical,83.95,-85.255,0,top
D6,Schottky,TO-220-2_Vertical,89.03,-75.71,180,top
F1,Fuse,05200101Z_Fuze_Holder_5x20_PCB_Mount,126.67,-136.974,180,top
F2,Fuse,05200101Z_Fuze_Holder_5x20_PCB_Mount,66.045,-126.855,0,top
HS1,MOSFET Heatsink,Heatsink_Fischer_SK129-STS_42x25mm_2xDrill2.5mm,67.53,-44.385,90,top
HS2,Snubber Heatsink,Heatsink_Fischer_SK129-STS_42x25mm_2xDrill2.5mm,95.065,-44.39,90,top
HS3,Schottky Diode Heatsink,Heatsink_Fischer_SK129-STS_42x25mm_2xDrill2.5mm,86.485,-80.475,0,top
J1,Car Power,Molex_Micro-Fit_3.0_43650-0215_1x02_P3.00mm_Vertical,53.9425,-156.885,180,top
J2,9V Supply,Molex_Micro-Fit_3.0_43650-0215_1x02_P3.00mm_Vertical,23.245,-64.71,90,top
J3,Solar Array,PhoenixContact_PowerCombicon5_GF_2x7.62mm,112.315,-141.16,0,top
J4,Battery,PhoenixContact_PowerCombicon5_GF_2x7.62mm,75.035,-141.095,0,top
J5,CAN_In,Molex_Micro-Fit_3.0_43650-0415_1x04_P3.00mm_Vertical,40.79,-156.9675,180,top
J6,CAN_Out,Molex_Micro-Fit_3.0_43650-0415_1x04_P3.00mm_Vertical,40.795,-148.1675,180,top
JP1,Jumper,PinHeader_1x02_P2.54mm_Vertical,39.825,-141.62,90,top
L2,560uH,L_Toroid_Vertical_L46.0mm_W19.1mm_P21.80mm_Bourns_5700,133.59,-69.795,-90,top
L3,1.8kOhm,L_0805_2012Metric,40.89,-136.6625,90,top
L4,1.8kOhm,L_0805_2012Metric,43.115,-136.6475,90,top
LED1,5V (Green),LED_0805_2012Metric,56.015,-141.145,0,top
LED2,9V (Green),LED_0805_2012Metric,51.61,-121.195,0,top
LED3,9V (Green),LED_0805_2012Metric,135.86,-146.4815,-90,top
LED4,9V (Green),LED_0805_2012Metric,97.525,-146.285,-90,top
LED5,Heartbeat (Blue),LED_0805_2012Metric,25.98,-95.525,180,top
LED6,Tracking (Blue),LED_0805_2012Metric,25.97,-98.42,180,top
LED7,PWM (Blue),LED_0805_2012Metric,25.965,-104.255,180,top
LED8,CAN_Rx (Blue),LED_0805_2012Metric,25.965,-110.13,180,top
LED9,CAN_Tx (Blue),LED_0805_2012Metric,25.97,-107.135,180,top
LED10,Error (Amber),LED_0805_2012Metric,25.9525,-101.3,180,top
Q1,NMOS,TO-247-3_Vertical,63.525,-38.93,-90,top
Q2,NMOS,TO-247-3_Vertical,71.435,-49.8,90,top
R2,1.5,R_0805_2012Metric,53.58,-70.5875,90,top
R5,R,TO-220-2_Vertical,99.8,-46.985,90,top
SW1,SW_Push,SW_PUSH_6mm,21.01,-78.49,90,top
SW2,SW_DIP_x02,ADF02ST04_DIP_Switch_2_POS,24.28,-83.045,-90,top
U1,RI3-1205S,CONV_RI3-1205S,53.0975,-147.165,0,top
U2,MCU_Nucleo_L432KC,MODULE_NUCLEO-L432KC,38.185,-95.87,0,top
U3,UCC37321,SOIC-8_3.9x4.9mm_P1.27mm,55.33,-76.87,90,top
U4,IES01_PDS1,IES01_PDS1,57.3,-136.825,180,top
U9,ADM3055E,ADM3055EBRIZ,36.635,-127.83,-90,top
U10,CDSOT23-T24CAN,SOT-23,33.4,-141.5525,-90,top
